{
	"data_type": "rhythm",
	"seed": "0918274947782711802188400889271104772847004021089",
	"pattern_length": 7,
	"raw_idx_list": [
		48,
		57,
		49,
		56,
		50,
		55,
		52,
		57,
		52,
		55,
		55,
		56,
		50,
		55,
		49,
		49,
		56,
		48,
		50,
		49,
		56,
		56,
		52,
		48,
		48,
		56,
		56,
		57,
		50,
		55,
		49,
		49,
		48,
		52,
		55,
		55,
		50,
		56,
		52,
		55,
		48,
		48,
		52,
		48,
		50,
		49,
		48,
		56
	],
	"raw_fractal_data": [
		[
			48,
			57,
			49,
			56,
			50,
			55,
			52
		],
		[
			57,
			52,
			55,
			55,
			56,
			50,
			55
		],
		[
			49,
			49,
			56,
			48,
			50,
			49,
			56
		],
		[
			56,
			52,
			48,
			48,
			56,
			56,
			57
		],
		[
			50,
			55,
			49,
			49,
			48,
			52,
			55
		],
		[
			55,
			50,
			56,
			52,
			55,
			48,
			48
		],
		[
			52,
			48,
			50,
			49,
			48,
			56
		]
	],
	"hex": "30393138323734393437373832373131383032313838343030383839323731313034373732383437303034303231303839",
	"voice_id": "v1",
	"scaled_idx_list": [
		7,
		12,
		7,
		11,
		8,
		10,
		9,
		12,
		9,
		10,
		10,
		11,
		8,
		10,
		7,
		7,
		11,
		7,
		8,
		7,
		11,
		11,
		9,
		7,
		7,
		11,
		11,
		12,
		8,
		10,
		7,
		7,
		7,
		9,
		10,
		10,
		8,
		11,
		9,
		10,
		7,
		7,
		9,
		7,
		8,
		7,
		7,
		11
	],
	"mapped_data": [
		260.65296357547913,
		133.6912340946374,
		260.65296357547913,
		152.78998182244274,
		228.07134312854424,
		174.6171220827917,
		199.56242523747622,
		133.6912340946374,
		199.56242523747622,
		174.6171220827917,
		174.6171220827917,
		152.78998182244274,
		228.07134312854424,
		174.6171220827917,
		260.65296357547913,
		260.65296357547913,
		152.78998182244274,
		260.65296357547913,
		228.07134312854424,
		260.65296357547913,
		152.78998182244274,
		152.78998182244274,
		199.56242523747622,
		260.65296357547913,
		260.65296357547913,
		152.78998182244274,
		152.78998182244274,
		133.6912340946374,
		228.07134312854424,
		174.6171220827917,
		260.65296357547913,
		260.65296357547913,
		260.65296357547913,
		199.56242523747622,
		174.6171220827917,
		174.6171220827917,
		228.07134312854424,
		152.78998182244274,
		199.56242523747622,
		174.6171220827917,
		260.65296357547913,
		260.65296357547913,
		199.56242523747622,
		260.65296357547913,
		228.07134312854424,
		260.65296357547913,
		260.65296357547913,
		152.78998182244274
	],
	"scalar": {
		"min": 0.4,
		"max": 0.7
	},
	"fractal_data": [
		[
			260.65296357547913,
			133.6912340946374,
			260.65296357547913,
			152.78998182244274,
			228.07134312854424,
			174.6171220827917,
			199.56242523747622
		],
		[
			133.6912340946374,
			199.56242523747622,
			174.6171220827917,
			174.6171220827917,
			152.78998182244274,
			228.07134312854424,
			174.6171220827917
		],
		[
			260.65296357547913,
			260.65296357547913,
			152.78998182244274,
			260.65296357547913,
			228.07134312854424,
			260.65296357547913,
			152.78998182244274
		],
		[
			152.78998182244274,
			199.56242523747622,
			260.65296357547913,
			260.65296357547913,
			152.78998182244274,
			152.78998182244274,
			133.6912340946374
		],
		[
			228.07134312854424,
			174.6171220827917,
			260.65296357547913,
			260.65296357547913,
			260.65296357547913,
			199.56242523747622,
			174.6171220827917
		],
		[
			174.6171220827917,
			228.07134312854424,
			152.78998182244274,
			199.56242523747622,
			174.6171220827917,
			260.65296357547913,
			260.65296357547913
		],
		[
			199.56242523747622,
			260.65296357547913,
			228.07134312854424,
			260.65296357547913,
			260.65296357547913,
			152.78998182244274
		]
	]
}