{
	"data_type": "pitches",
	"seed": "0918274947782711802188400889271104772847004021089",
	"pattern_length": 7,
	"raw_idx_list": [
		48,
		57,
		49,
		56,
		50,
		55,
		52,
		57,
		52,
		55,
		55,
		56,
		50,
		55,
		49,
		49,
		56,
		48,
		50,
		49,
		56,
		56,
		52,
		48,
		48,
		56,
		56,
		57,
		50,
		55,
		49,
		49,
		48,
		52,
		55,
		55,
		50,
		56,
		52,
		55,
		48,
		48,
		52,
		48,
		50,
		49,
		48,
		56
	],
	"raw_fractal_data": [
		[
			48,
			57,
			49,
			56,
			50,
			55,
			52
		],
		[
			57,
			52,
			55,
			55,
			56,
			50,
			55
		],
		[
			49,
			49,
			56,
			48,
			50,
			49,
			56
		],
		[
			56,
			52,
			48,
			48,
			56,
			56,
			57
		],
		[
			50,
			55,
			49,
			49,
			48,
			52,
			55
		],
		[
			55,
			50,
			56,
			52,
			55,
			48,
			48
		],
		[
			52,
			48,
			50,
			49,
			48,
			56
		]
	],
	"hex": "30393138323734393437373832373131383032313838343030383839323731313034373732383437303034303231303839",
	"voice_id": "v1",
	"scaled_idx_list": [
		26,
		46,
		28,
		43,
		30,
		41,
		34,
		46,
		34,
		41,
		41,
		43,
		30,
		41,
		28,
		28,
		43,
		26,
		30,
		28,
		43,
		43,
		34,
		26,
		26,
		43,
		43,
		46,
		30,
		41,
		28,
		28,
		26,
		34,
		41,
		41,
		30,
		43,
		34,
		41,
		26,
		26,
		34,
		26,
		30,
		28,
		26,
		43
	],
	"mapped_data": [
		272.5851687881002,
		1990.0523125025265,
		336.033411779111,
		1532.0191506059662,
		414.25017484971505,
		1242.7505245491452,
		597.4521366767704,
		1990.0523125025265,
		597.4521366767704,
		1242.7505245491452,
		1242.7505245491452,
		1532.0191506059662,
		414.25017484971505,
		1242.7505245491452,
		336.033411779111,
		336.033411779111,
		1532.0191506059662,
		272.5851687881002,
		414.25017484971505,
		336.033411779111,
		1532.0191506059662,
		1532.0191506059662,
		597.4521366767704,
		272.5851687881002,
		272.5851687881002,
		1532.0191506059662,
		1532.0191506059662,
		1990.0523125025265,
		414.25017484971505,
		1242.7505245491452,
		336.033411779111,
		336.033411779111,
		272.5851687881002,
		597.4521366767704,
		1242.7505245491452,
		1242.7505245491452,
		414.25017484971505,
		1532.0191506059662,
		597.4521366767704,
		1242.7505245491452,
		272.5851687881002,
		272.5851687881002,
		597.4521366767704,
		272.5851687881002,
		414.25017484971505,
		336.033411779111,
		272.5851687881002,
		1532.0191506059662
	],
	"scalar": {
		"min": 0.4,
		"max": 0.7
	},
	"fractal_data": [
		[
			272.5851687881002,
			1990.0523125025265,
			336.033411779111,
			1532.0191506059662,
			414.25017484971505,
			1242.7505245491452,
			597.4521366767704
		],
		[
			1990.0523125025265,
			597.4521366767704,
			1242.7505245491452,
			1242.7505245491452,
			1532.0191506059662,
			414.25017484971505,
			1242.7505245491452
		],
		[
			336.033411779111,
			336.033411779111,
			1532.0191506059662,
			272.5851687881002,
			414.25017484971505,
			336.033411779111,
			1532.0191506059662
		],
		[
			1532.0191506059662,
			597.4521366767704,
			272.5851687881002,
			272.5851687881002,
			1532.0191506059662,
			1532.0191506059662,
			1990.0523125025265
		],
		[
			414.25017484971505,
			1242.7505245491452,
			336.033411779111,
			336.033411779111,
			272.5851687881002,
			597.4521366767704,
			1242.7505245491452
		],
		[
			1242.7505245491452,
			414.25017484971505,
			1532.0191506059662,
			597.4521366767704,
			1242.7505245491452,
			272.5851687881002,
			272.5851687881002
		],
		[
			597.4521366767704,
			272.5851687881002,
			414.25017484971505,
			336.033411779111,
			272.5851687881002,
			1532.0191506059662
		]
	]
}