{
	"data_type": "pitches",
	"seed": "0918274947782711802188400889271104772847004021089",
	"pattern_length": 7,
	"raw_idx_list": [
		48,
		57,
		49,
		56,
		50,
		55,
		52,
		57,
		52,
		55,
		55,
		56,
		50,
		55,
		49,
		49,
		56,
		48,
		50,
		49,
		56,
		56,
		52,
		48,
		48,
		56,
		56,
		57,
		50,
		55,
		49,
		49,
		48,
		52,
		55,
		55,
		50,
		56,
		52,
		55,
		48,
		48,
		52,
		48,
		50,
		49,
		48,
		56
	],
	"raw_fractal_data": [
		[
			48,
			57,
			49,
			56,
			50,
			55,
			52
		],
		[
			57,
			52,
			55,
			55,
			56,
			50,
			55
		],
		[
			49,
			49,
			56,
			48,
			50,
			49,
			56
		],
		[
			56,
			52,
			48,
			48,
			56,
			56,
			57
		],
		[
			50,
			55,
			49,
			49,
			48,
			52,
			55
		],
		[
			55,
			50,
			56,
			52,
			55,
			48,
			48
		],
		[
			52,
			48,
			50,
			49,
			48,
			56
		]
	],
	"hex": "30393138323734393437373832373131383032313838343030383839323731313034373732383437303034303231303839",
	"voice_id": "v1",
	"scaled_idx_list": [
		33,
		59,
		35,
		56,
		38,
		53,
		44,
		59,
		44,
		53,
		53,
		56,
		38,
		53,
		35,
		35,
		56,
		33,
		38,
		35,
		56,
		56,
		44,
		33,
		33,
		56,
		56,
		59,
		38,
		53,
		35,
		35,
		33,
		44,
		53,
		53,
		38,
		56,
		44,
		53,
		33,
		33,
		44,
		33,
		38,
		35,
		33,
		56
	],
	"mapped_data": [
		567.0,
		7359.799557278705,
		663.3507708341755,
		5377.069230090933,
		907.9534781112144,
		4139.475622263538,
		1701.0,
		7359.799557278705,
		1701.0,
		4139.475622263538,
		4139.475622263538,
		5377.069230090933,
		907.9534781112144,
		4139.475622263538,
		663.3507708341755,
		663.3507708341755,
		5377.069230090933,
		567.0,
		907.9534781112144,
		663.3507708341755,
		5377.069230090933,
		5377.069230090933,
		1701.0,
		567.0,
		567.0,
		5377.069230090933,
		5377.069230090933,
		7359.799557278705,
		907.9534781112144,
		4139.475622263538,
		663.3507708341755,
		663.3507708341755,
		567.0,
		1701.0,
		4139.475622263538,
		4139.475622263538,
		907.9534781112144,
		5377.069230090933,
		1701.0,
		4139.475622263538,
		567.0,
		567.0,
		1701.0,
		567.0,
		907.9534781112144,
		663.3507708341755,
		567.0,
		5377.069230090933
	],
	"scalar": {
		"min": 0.5,
		"max": 0.9
	},
	"fractal_data": [
		[
			567.0,
			7359.799557278705,
			663.3507708341755,
			5377.069230090933,
			907.9534781112144,
			4139.475622263538,
			1701.0
		],
		[
			7359.799557278705,
			1701.0,
			4139.475622263538,
			4139.475622263538,
			5377.069230090933,
			907.9534781112144,
			4139.475622263538
		],
		[
			663.3507708341755,
			663.3507708341755,
			5377.069230090933,
			567.0,
			907.9534781112144,
			663.3507708341755,
			5377.069230090933
		],
		[
			5377.069230090933,
			1701.0,
			567.0,
			567.0,
			5377.069230090933,
			5377.069230090933,
			7359.799557278705
		],
		[
			907.9534781112144,
			4139.475622263538,
			663.3507708341755,
			663.3507708341755,
			567.0,
			1701.0,
			4139.475622263538
		],
		[
			4139.475622263538,
			907.9534781112144,
			5377.069230090933,
			1701.0,
			4139.475622263538,
			567.0,
			567.0
		],
		[
			1701.0,
			567.0,
			907.9534781112144,
			663.3507708341755,
			567.0,
			5377.069230090933
		]
	]
}