{
	"data_type": "pitches",
	"seed": "0918274900490219282148049411220807470724224404229",
	"pattern_length": 7,
	"raw_idx_list": [
		48,
		57,
		49,
		56,
		50,
		55,
		52,
		57,
		48,
		48,
		52,
		57,
		48,
		50,
		49,
		57,
		50,
		56,
		50,
		49,
		52,
		56,
		48,
		52,
		57,
		52,
		49,
		49,
		50,
		50,
		48,
		56,
		48,
		55,
		52,
		55,
		48,
		55,
		50,
		52,
		50,
		50,
		52,
		52,
		48,
		52,
		50,
		50
	],
	"raw_fractal_data": [
		[
			48,
			57,
			49,
			56,
			50,
			55,
			52
		],
		[
			57,
			48,
			48,
			52,
			57,
			48,
			50
		],
		[
			49,
			57,
			50,
			56,
			50,
			49,
			52
		],
		[
			56,
			48,
			52,
			57,
			52,
			49,
			49
		],
		[
			50,
			50,
			48,
			56,
			48,
			55,
			52
		],
		[
			55,
			48,
			55,
			50,
			52,
			50,
			50
		],
		[
			52,
			52,
			48,
			52,
			50,
			50
		]
	],
	"hex": "30393138323734393030343930323139323832313438303439343131323230383037343730373234323234343034323239",
	"voice_id": "v1",
	"scaled_idx_list": [
		21,
		37,
		22,
		35,
		24,
		33,
		28,
		37,
		21,
		21,
		28,
		37,
		21,
		24,
		22,
		37,
		24,
		35,
		24,
		22,
		28,
		35,
		21,
		28,
		37,
		28,
		22,
		22,
		24,
		24,
		21,
		35,
		21,
		33,
		28,
		33,
		21,
		33,
		24,
		28,
		24,
		24,
		28,
		28,
		21,
		28,
		24,
		24
	],
	"mapped_data": [
		272.5851687881002,
		1792.3564100303113,
		302.6511593704048,
		1532.0191506059662,
		414.25017484971505,
		1242.7505245491452,
		597.4521366767704,
		1792.3564100303113,
		272.5851687881002,
		272.5851687881002,
		597.4521366767704,
		1792.3564100303113,
		272.5851687881002,
		414.25017484971505,
		302.6511593704048,
		1792.3564100303113,
		414.25017484971505,
		1532.0191506059662,
		414.25017484971505,
		302.6511593704048,
		597.4521366767704,
		1532.0191506059662,
		272.5851687881002,
		597.4521366767704,
		1792.3564100303113,
		597.4521366767704,
		302.6511593704048,
		302.6511593704048,
		414.25017484971505,
		414.25017484971505,
		272.5851687881002,
		1532.0191506059662,
		272.5851687881002,
		1242.7505245491452,
		597.4521366767704,
		1242.7505245491452,
		272.5851687881002,
		1242.7505245491452,
		414.25017484971505,
		597.4521366767704,
		414.25017484971505,
		414.25017484971505,
		597.4521366767704,
		597.4521366767704,
		272.5851687881002,
		597.4521366767704,
		414.25017484971505,
		414.25017484971505
	],
	"scalar": {
		"min": 0.4,
		"max": 0.7
	},
	"fractal_data": [
		[
			272.5851687881002,
			1792.3564100303113,
			302.6511593704048,
			1532.0191506059662,
			414.25017484971505,
			1242.7505245491452,
			597.4521366767704
		],
		[
			1792.3564100303113,
			272.5851687881002,
			272.5851687881002,
			597.4521366767704,
			1792.3564100303113,
			272.5851687881002,
			414.25017484971505
		],
		[
			302.6511593704048,
			1792.3564100303113,
			414.25017484971505,
			1532.0191506059662,
			414.25017484971505,
			302.6511593704048,
			597.4521366767704
		],
		[
			1532.0191506059662,
			272.5851687881002,
			597.4521366767704,
			1792.3564100303113,
			597.4521366767704,
			302.6511593704048,
			302.6511593704048
		],
		[
			414.25017484971505,
			414.25017484971505,
			272.5851687881002,
			1532.0191506059662,
			272.5851687881002,
			1242.7505245491452,
			597.4521366767704
		],
		[
			1242.7505245491452,
			272.5851687881002,
			1242.7505245491452,
			414.25017484971505,
			597.4521366767704,
			414.25017484971505,
			414.25017484971505
		],
		[
			597.4521366767704,
			597.4521366767704,
			272.5851687881002,
			597.4521366767704,
			414.25017484971505,
			414.25017484971505
		]
	]
}