{
	"data_type": "rhythm",
	"seed": "0918274947782711802188400889271104772847004021089",
	"pattern_length": 7,
	"raw_idx_list": [
		48,
		57,
		49,
		56,
		50,
		55,
		52,
		57,
		52,
		55,
		55,
		56,
		50,
		55,
		49,
		49,
		56,
		48,
		50,
		49,
		56,
		56,
		52,
		48,
		48,
		56,
		56,
		57,
		50,
		55,
		49,
		49,
		48,
		52,
		55,
		55,
		50,
		56,
		52,
		55,
		48,
		48,
		52,
		48,
		50,
		49,
		48,
		56
	],
	"raw_fractal_data": [
		[
			48,
			57,
			49,
			56,
			50,
			55,
			52
		],
		[
			57,
			52,
			55,
			55,
			56,
			50,
			55
		],
		[
			49,
			49,
			56,
			48,
			50,
			49,
			56
		],
		[
			56,
			52,
			48,
			48,
			56,
			56,
			57
		],
		[
			50,
			55,
			49,
			49,
			48,
			52,
			55
		],
		[
			55,
			50,
			56,
			52,
			55,
			48,
			48
		],
		[
			52,
			48,
			50,
			49,
			48,
			56
		]
	],
	"hex": "30393138323734393437373832373131383032313838343030383839323731313034373732383437303034303231303839",
	"voice_id": "v1",
	"scaled_idx_list": [
		9,
		16,
		9,
		15,
		10,
		14,
		12,
		16,
		12,
		14,
		14,
		15,
		10,
		14,
		9,
		9,
		15,
		9,
		10,
		9,
		15,
		15,
		12,
		9,
		9,
		15,
		15,
		16,
		10,
		14,
		9,
		9,
		9,
		12,
		14,
		14,
		10,
		15,
		12,
		14,
		9,
		9,
		12,
		9,
		10,
		9,
		9,
		15
	],
	"mapped_data": [
		199.56242523747622,
		78.3673469387755,
		199.56242523747622,
		89.56268221574342,
		174.6171220827917,
		102.35735110370676,
		133.6912340946374,
		78.3673469387755,
		133.6912340946374,
		102.35735110370676,
		102.35735110370676,
		89.56268221574342,
		174.6171220827917,
		102.35735110370676,
		199.56242523747622,
		199.56242523747622,
		89.56268221574342,
		199.56242523747622,
		174.6171220827917,
		199.56242523747622,
		89.56268221574342,
		89.56268221574342,
		133.6912340946374,
		199.56242523747622,
		199.56242523747622,
		89.56268221574342,
		89.56268221574342,
		78.3673469387755,
		174.6171220827917,
		102.35735110370676,
		199.56242523747622,
		199.56242523747622,
		199.56242523747622,
		133.6912340946374,
		102.35735110370676,
		102.35735110370676,
		174.6171220827917,
		89.56268221574342,
		133.6912340946374,
		102.35735110370676,
		199.56242523747622,
		199.56242523747622,
		133.6912340946374,
		199.56242523747622,
		174.6171220827917,
		199.56242523747622,
		199.56242523747622,
		89.56268221574342
	],
	"scalar": {
		"min": 0.5,
		"max": 0.9
	},
	"fractal_data": [
		[
			199.56242523747622,
			78.3673469387755,
			199.56242523747622,
			89.56268221574342,
			174.6171220827917,
			102.35735110370676,
			133.6912340946374
		],
		[
			78.3673469387755,
			133.6912340946374,
			102.35735110370676,
			102.35735110370676,
			89.56268221574342,
			174.6171220827917,
			102.35735110370676
		],
		[
			199.56242523747622,
			199.56242523747622,
			89.56268221574342,
			199.56242523747622,
			174.6171220827917,
			199.56242523747622,
			89.56268221574342
		],
		[
			89.56268221574342,
			133.6912340946374,
			199.56242523747622,
			199.56242523747622,
			89.56268221574342,
			89.56268221574342,
			78.3673469387755
		],
		[
			174.6171220827917,
			102.35735110370676,
			199.56242523747622,
			199.56242523747622,
			199.56242523747622,
			133.6912340946374,
			102.35735110370676
		],
		[
			102.35735110370676,
			174.6171220827917,
			89.56268221574342,
			133.6912340946374,
			102.35735110370676,
			199.56242523747622,
			199.56242523747622
		],
		[
			133.6912340946374,
			199.56242523747622,
			174.6171220827917,
			199.56242523747622,
			199.56242523747622,
			89.56268221574342
		]
	]
}