{
	"data_type": "pitches",
	"seed": "0918274900490219282148049411220807470724224404229",
	"pattern_length": 7,
	"raw_idx_list": [
		48,
		57,
		49,
		56,
		50,
		55,
		52,
		57,
		48,
		48,
		52,
		57,
		48,
		50,
		49,
		57,
		50,
		56,
		50,
		49,
		52,
		56,
		48,
		52,
		57,
		52,
		49,
		49,
		50,
		50,
		48,
		56,
		48,
		55,
		52,
		55,
		48,
		55,
		50,
		52,
		50,
		50,
		52,
		52,
		48,
		52,
		50,
		50
	],
	"raw_fractal_data": [
		[
			48,
			57,
			49,
			56,
			50,
			55,
			52
		],
		[
			57,
			48,
			48,
			52,
			57,
			48,
			50
		],
		[
			49,
			57,
			50,
			56,
			50,
			49,
			52
		],
		[
			56,
			48,
			52,
			57,
			52,
			49,
			49
		],
		[
			50,
			50,
			48,
			56,
			48,
			55,
			52
		],
		[
			55,
			48,
			55,
			50,
			52,
			50,
			50
		],
		[
			52,
			52,
			48,
			52,
			50,
			50
		]
	],
	"hex": "30393138323734393030343930323139323832313438303439343131323230383037343730373234323234343034323239",
	"voice_id": "v2",
	"scaled_idx_list": [
		4,
		16,
		5,
		14,
		6,
		13,
		9,
		16,
		4,
		4,
		9,
		16,
		4,
		6,
		5,
		16,
		6,
		14,
		6,
		5,
		9,
		14,
		4,
		9,
		16,
		9,
		5,
		5,
		6,
		6,
		4,
		14,
		4,
		13,
		9,
		13,
		4,
		13,
		6,
		9,
		6,
		6,
		9,
		9,
		4,
		9,
		6,
		6
	],
	"mapped_data": [
		41.455300869529914,
		302.6511593704048,
		46.027797205523896,
		232.992554615556,
		56.74145002244319,
		170.22435006732957,
		100.88371979013493,
		302.6511593704048,
		41.455300869529914,
		41.455300869529914,
		100.88371979013493,
		302.6511593704048,
		41.455300869529914,
		56.74145002244319,
		46.027797205523896,
		302.6511593704048,
		56.74145002244319,
		232.992554615556,
		56.74145002244319,
		46.027797205523896,
		100.88371979013493,
		232.992554615556,
		41.455300869529914,
		100.88371979013493,
		302.6511593704048,
		100.88371979013493,
		46.027797205523896,
		46.027797205523896,
		56.74145002244319,
		56.74145002244319,
		41.455300869529914,
		232.992554615556,
		41.455300869529914,
		170.22435006732957,
		100.88371979013493,
		170.22435006732957,
		41.455300869529914,
		170.22435006732957,
		56.74145002244319,
		100.88371979013493,
		56.74145002244319,
		56.74145002244319,
		100.88371979013493,
		100.88371979013493,
		41.455300869529914,
		100.88371979013493,
		56.74145002244319,
		56.74145002244319
	],
	"scalar": {
		"min": 0.1,
		"max": 0.4
	},
	"fractal_data": [
		[
			41.455300869529914,
			302.6511593704048,
			46.027797205523896,
			232.992554615556,
			56.74145002244319,
			170.22435006732957,
			100.88371979013493
		],
		[
			302.6511593704048,
			41.455300869529914,
			41.455300869529914,
			100.88371979013493,
			302.6511593704048,
			41.455300869529914,
			56.74145002244319
		],
		[
			46.027797205523896,
			302.6511593704048,
			56.74145002244319,
			232.992554615556,
			56.74145002244319,
			46.027797205523896,
			100.88371979013493
		],
		[
			232.992554615556,
			41.455300869529914,
			100.88371979013493,
			302.6511593704048,
			100.88371979013493,
			46.027797205523896,
			46.027797205523896
		],
		[
			56.74145002244319,
			56.74145002244319,
			41.455300869529914,
			232.992554615556,
			41.455300869529914,
			170.22435006732957,
			100.88371979013493
		],
		[
			170.22435006732957,
			41.455300869529914,
			170.22435006732957,
			56.74145002244319,
			100.88371979013493,
			56.74145002244319,
			56.74145002244319
		],
		[
			100.88371979013493,
			100.88371979013493,
			41.455300869529914,
			100.88371979013493,
			56.74145002244319,
			56.74145002244319
		]
	]
}