{
	"data_type": "rhythm",
	"seed": "0918274900490219282148049411220807470724224404229",
	"pattern_length": 7,
	"raw_idx_list": [
		48,
		57,
		49,
		56,
		50,
		55,
		52,
		57,
		48,
		48,
		52,
		57,
		48,
		50,
		49,
		57,
		50,
		56,
		50,
		49,
		52,
		56,
		48,
		52,
		57,
		52,
		49,
		49,
		50,
		50,
		48,
		56,
		48,
		55,
		52,
		55,
		48,
		55,
		50,
		52,
		50,
		50,
		52,
		52,
		48,
		52,
		50,
		50
	],
	"raw_fractal_data": [
		[
			48,
			57,
			49,
			56,
			50,
			55,
			52
		],
		[
			57,
			48,
			48,
			52,
			57,
			48,
			50
		],
		[
			49,
			57,
			50,
			56,
			50,
			49,
			52
		],
		[
			56,
			48,
			52,
			57,
			52,
			49,
			49
		],
		[
			50,
			50,
			48,
			56,
			48,
			55,
			52
		],
		[
			55,
			48,
			55,
			50,
			52,
			50,
			50
		],
		[
			52,
			52,
			48,
			52,
			50,
			50
		]
	],
	"hex": "30393138323734393030343930323139323832313438303439343131323230383037343730373234323234343034323239",
	"voice_id": "v2",
	"scaled_idx_list": [
		7,
		12,
		7,
		11,
		8,
		10,
		9,
		12,
		7,
		7,
		9,
		12,
		7,
		8,
		7,
		12,
		8,
		11,
		8,
		7,
		9,
		11,
		7,
		9,
		12,
		9,
		7,
		7,
		8,
		8,
		7,
		11,
		7,
		10,
		9,
		10,
		7,
		10,
		8,
		9,
		8,
		8,
		9,
		9,
		7,
		9,
		8,
		8
	],
	"mapped_data": [
		260.65296357547913,
		133.6912340946374,
		260.65296357547913,
		152.78998182244274,
		228.07134312854424,
		174.6171220827917,
		199.56242523747622,
		133.6912340946374,
		260.65296357547913,
		260.65296357547913,
		199.56242523747622,
		133.6912340946374,
		260.65296357547913,
		228.07134312854424,
		260.65296357547913,
		133.6912340946374,
		228.07134312854424,
		152.78998182244274,
		228.07134312854424,
		260.65296357547913,
		199.56242523747622,
		152.78998182244274,
		260.65296357547913,
		199.56242523747622,
		133.6912340946374,
		199.56242523747622,
		260.65296357547913,
		260.65296357547913,
		228.07134312854424,
		228.07134312854424,
		260.65296357547913,
		152.78998182244274,
		260.65296357547913,
		174.6171220827917,
		199.56242523747622,
		174.6171220827917,
		260.65296357547913,
		174.6171220827917,
		228.07134312854424,
		199.56242523747622,
		228.07134312854424,
		228.07134312854424,
		199.56242523747622,
		199.56242523747622,
		260.65296357547913,
		199.56242523747622,
		228.07134312854424,
		228.07134312854424
	],
	"scalar": {
		"min": 0.4,
		"max": 0.7
	},
	"fractal_data": [
		[
			260.65296357547913,
			133.6912340946374,
			260.65296357547913,
			152.78998182244274,
			228.07134312854424,
			174.6171220827917,
			199.56242523747622
		],
		[
			133.6912340946374,
			260.65296357547913,
			260.65296357547913,
			199.56242523747622,
			133.6912340946374,
			260.65296357547913,
			228.07134312854424
		],
		[
			260.65296357547913,
			133.6912340946374,
			228.07134312854424,
			152.78998182244274,
			228.07134312854424,
			260.65296357547913,
			199.56242523747622
		],
		[
			152.78998182244274,
			260.65296357547913,
			199.56242523747622,
			133.6912340946374,
			199.56242523747622,
			260.65296357547913,
			260.65296357547913
		],
		[
			228.07134312854424,
			228.07134312854424,
			260.65296357547913,
			152.78998182244274,
			260.65296357547913,
			174.6171220827917,
			199.56242523747622
		],
		[
			174.6171220827917,
			260.65296357547913,
			174.6171220827917,
			228.07134312854424,
			199.56242523747622,
			228.07134312854424,
			228.07134312854424
		],
		[
			199.56242523747622,
			199.56242523747622,
			260.65296357547913,
			199.56242523747622,
			228.07134312854424,
			228.07134312854424
		]
	]
}