{
	"data_type": "duration",
	"seed": "0918274900490219282148049411220807470724224404229",
	"pattern_length": 7,
	"raw_idx_list": [
		48,
		57,
		49,
		56,
		50,
		55,
		52,
		57,
		48,
		48,
		52,
		57,
		48,
		50,
		49,
		57,
		50,
		56,
		50,
		49,
		52,
		56,
		48,
		52,
		57,
		52,
		49,
		49,
		50,
		50,
		48,
		56,
		48,
		55,
		52,
		55,
		48,
		55,
		50,
		52,
		50,
		50,
		52,
		52,
		48,
		52,
		50,
		50
	],
	"raw_fractal_data": [
		[
			48,
			57,
			49,
			56,
			50,
			55,
			52
		],
		[
			57,
			48,
			48,
			52,
			57,
			48,
			50
		],
		[
			49,
			57,
			50,
			56,
			50,
			49,
			52
		],
		[
			56,
			48,
			52,
			57,
			52,
			49,
			49
		],
		[
			50,
			50,
			48,
			56,
			48,
			55,
			52
		],
		[
			55,
			48,
			55,
			50,
			52,
			50,
			50
		],
		[
			52,
			52,
			48,
			52,
			50,
			50
		]
	],
	"hex": "30393138323734393030343930323139323832313438303439343131323230383037343730373234323234343034323239",
	"voice_id": "v2",
	"scaled_idx_list": [
		1,
		7,
		1,
		6,
		2,
		5,
		3,
		7,
		1,
		1,
		3,
		7,
		1,
		2,
		1,
		7,
		2,
		6,
		2,
		1,
		3,
		6,
		1,
		3,
		7,
		3,
		1,
		1,
		2,
		2,
		1,
		6,
		1,
		5,
		3,
		5,
		1,
		5,
		2,
		3,
		2,
		2,
		3,
		3,
		1,
		3,
		2,
		2
	],
	"mapped_data": [
		57.14285714285714,
		127.32498485203558,
		57.14285714285714,
		111.40936174553114,
		65.30612244897958,
		97.48319152733976,
		74.63556851311951,
		127.32498485203558,
		57.14285714285714,
		57.14285714285714,
		74.63556851311951,
		127.32498485203558,
		57.14285714285714,
		65.30612244897958,
		57.14285714285714,
		127.32498485203558,
		65.30612244897958,
		111.40936174553114,
		65.30612244897958,
		57.14285714285714,
		74.63556851311951,
		111.40936174553114,
		57.14285714285714,
		74.63556851311951,
		127.32498485203558,
		74.63556851311951,
		57.14285714285714,
		57.14285714285714,
		65.30612244897958,
		65.30612244897958,
		57.14285714285714,
		111.40936174553114,
		57.14285714285714,
		97.48319152733976,
		74.63556851311951,
		97.48319152733976,
		57.14285714285714,
		97.48319152733976,
		65.30612244897958,
		74.63556851311951,
		65.30612244897958,
		65.30612244897958,
		74.63556851311951,
		74.63556851311951,
		57.14285714285714,
		74.63556851311951,
		65.30612244897958,
		65.30612244897958
	],
	"scalar": {
		"min": 0.1,
		"max": 0.4
	},
	"fractal_data": [
		[
			57.14285714285714,
			127.32498485203558,
			57.14285714285714,
			111.40936174553114,
			65.30612244897958,
			97.48319152733976,
			74.63556851311951
		],
		[
			127.32498485203558,
			57.14285714285714,
			57.14285714285714,
			74.63556851311951,
			127.32498485203558,
			57.14285714285714,
			65.30612244897958
		],
		[
			57.14285714285714,
			127.32498485203558,
			65.30612244897958,
			111.40936174553114,
			65.30612244897958,
			57.14285714285714,
			74.63556851311951
		],
		[
			111.40936174553114,
			57.14285714285714,
			74.63556851311951,
			127.32498485203558,
			74.63556851311951,
			57.14285714285714,
			57.14285714285714
		],
		[
			65.30612244897958,
			65.30612244897958,
			57.14285714285714,
			111.40936174553114,
			57.14285714285714,
			97.48319152733976,
			74.63556851311951
		],
		[
			97.48319152733976,
			57.14285714285714,
			97.48319152733976,
			65.30612244897958,
			74.63556851311951,
			65.30612244897958,
			65.30612244897958
		],
		[
			74.63556851311951,
			74.63556851311951,
			57.14285714285714,
			74.63556851311951,
			65.30612244897958,
			65.30612244897958
		]
	]
}