{
	"data_type": "rhythm",
	"seed": "0918274900490219282148049411220807470724224404229",
	"pattern_length": 7,
	"raw_idx_list": [
		48,
		57,
		49,
		56,
		50,
		55,
		52,
		57,
		48,
		48,
		52,
		57,
		48,
		50,
		49,
		57,
		50,
		56,
		50,
		49,
		52,
		56,
		48,
		52,
		57,
		52,
		49,
		49,
		50,
		50,
		48,
		56,
		48,
		55,
		52,
		55,
		48,
		55,
		50,
		52,
		50,
		50,
		52,
		52,
		48,
		52,
		50,
		50
	],
	"raw_fractal_data": [
		[
			48,
			57,
			49,
			56,
			50,
			55,
			52
		],
		[
			57,
			48,
			48,
			52,
			57,
			48,
			50
		],
		[
			49,
			57,
			50,
			56,
			50,
			49,
			52
		],
		[
			56,
			48,
			52,
			57,
			52,
			49,
			49
		],
		[
			50,
			50,
			48,
			56,
			48,
			55,
			52
		],
		[
			55,
			48,
			55,
			50,
			52,
			50,
			50
		],
		[
			52,
			52,
			48,
			52,
			50,
			50
		]
	],
	"hex": "30393138323734393030343930323139323832313438303439343131323230383037343730373234323234343034323239",
	"voice_id": "v2",
	"scaled_idx_list": [
		1,
		7,
		1,
		6,
		2,
		5,
		3,
		7,
		1,
		1,
		3,
		7,
		1,
		2,
		1,
		7,
		2,
		6,
		2,
		1,
		3,
		6,
		1,
		3,
		7,
		3,
		1,
		1,
		2,
		2,
		1,
		6,
		1,
		5,
		3,
		5,
		1,
		5,
		2,
		3,
		2,
		2,
		3,
		3,
		1,
		3,
		2,
		2
	],
	"mapped_data": [
		580.7836061805061,
		260.65296357547913,
		580.7836061805061,
		297.889101229119,
		508.18565540794293,
		340.4446871189931,
		444.6624484819501,
		260.65296357547913,
		580.7836061805061,
		580.7836061805061,
		444.6624484819501,
		260.65296357547913,
		580.7836061805061,
		508.18565540794293,
		580.7836061805061,
		260.65296357547913,
		508.18565540794293,
		297.889101229119,
		508.18565540794293,
		580.7836061805061,
		444.6624484819501,
		297.889101229119,
		580.7836061805061,
		444.6624484819501,
		260.65296357547913,
		444.6624484819501,
		580.7836061805061,
		580.7836061805061,
		508.18565540794293,
		508.18565540794293,
		580.7836061805061,
		297.889101229119,
		580.7836061805061,
		340.4446871189931,
		444.6624484819501,
		340.4446871189931,
		580.7836061805061,
		340.4446871189931,
		508.18565540794293,
		444.6624484819501,
		508.18565540794293,
		508.18565540794293,
		444.6624484819501,
		444.6624484819501,
		580.7836061805061,
		444.6624484819501,
		508.18565540794293,
		508.18565540794293
	],
	"scalar": {
		"min": 0.1,
		"max": 0.4
	},
	"fractal_data": [
		[
			580.7836061805061,
			260.65296357547913,
			580.7836061805061,
			297.889101229119,
			508.18565540794293,
			340.4446871189931,
			444.6624484819501
		],
		[
			260.65296357547913,
			580.7836061805061,
			580.7836061805061,
			444.6624484819501,
			260.65296357547913,
			580.7836061805061,
			508.18565540794293
		],
		[
			580.7836061805061,
			260.65296357547913,
			508.18565540794293,
			297.889101229119,
			508.18565540794293,
			580.7836061805061,
			444.6624484819501
		],
		[
			297.889101229119,
			580.7836061805061,
			444.6624484819501,
			260.65296357547913,
			444.6624484819501,
			580.7836061805061,
			580.7836061805061
		],
		[
			508.18565540794293,
			508.18565540794293,
			580.7836061805061,
			297.889101229119,
			580.7836061805061,
			340.4446871189931,
			444.6624484819501
		],
		[
			340.4446871189931,
			580.7836061805061,
			340.4446871189931,
			508.18565540794293,
			444.6624484819501,
			508.18565540794293,
			508.18565540794293
		],
		[
			444.6624484819501,
			444.6624484819501,
			580.7836061805061,
			444.6624484819501,
			508.18565540794293,
			508.18565540794293
		]
	]
}