{
	"data_type": "pitches",
	"seed": "bdfdqxxhbqgffxaghxhgaadg",
	"pattern_length": 3,
	"raw_idx_list": [
		62,
		64,
		66,
		64,
		71,
		78,
		78,
		68,
		62,
		71,
		67,
		66,
		66,
		78,
		61,
		67,
		68,
		78,
		68,
		67,
		61,
		61,
		64
	],
	"raw_fractal_data": [
		[
			62,
			64,
			66
		],
		[
			64,
			71,
			78
		],
		[
			78,
			68,
			62
		],
		[
			71,
			67,
			66
		],
		[
			66,
			78,
			61
		],
		[
			67,
			68,
			78
		],
		[
			68,
			67,
			61
		],
		[
			61,
			64
		]
	],
	"hex": "626466647178786862716766667861676878686761616467",
	"voice_id": "v1",
	"scaled_idx_list": [
		53,
		61,
		68,
		61,
		87,
		113,
		113,
		75,
		53,
		87,
		72,
		68,
		68,
		113,
		50,
		72,
		75,
		113,
		75,
		72,
		50,
		50,
		61
	],
	"mapped_data": [
		275.83130279903287,
		409.88374072456725,
		579.6631451289002,
		409.88374072456725,
		1484.9656142850083,
		5379.873989904483,
		5379.873989904483,
		819.7674814491345,
		275.83130279903287,
		1484.9656142850083,
		706.6172887512398,
		579.6631451289002,
		579.6631451289002,
		5379.873989904483,
		237.75908626191176,
		706.6172887512398,
		819.7674814491345,
		5379.873989904483,
		819.7674814491345,
		706.6172887512398,
		237.75908626191176,
		237.75908626191176,
		409.88374072456725
	],
	"scalar": {
		"min": 0.4,
		"max": 0.9
	},
	"fractal_data": [
		[
			275.83130279903287,
			409.88374072456725,
			579.6631451289002
		],
		[
			409.88374072456725,
			1484.9656142850083,
			5379.873989904483
		],
		[
			5379.873989904483,
			819.7674814491345,
			275.83130279903287
		],
		[
			1484.9656142850083,
			706.6172887512398,
			579.6631451289002
		],
		[
			579.6631451289002,
			5379.873989904483,
			237.75908626191176
		],
		[
			706.6172887512398,
			819.7674814491345,
			5379.873989904483
		],
		[
			819.7674814491345,
			706.6172887512398,
			237.75908626191176
		],
		[
			237.75908626191176,
			409.88374072456725
		]
	],
	"EOS": 1280.0
}