{
	"data_type": "duration",
	"seed": "bdfdqxxhbqgffxaghxhgaadg",
	"pattern_length": 3,
	"raw_idx_list": [
		62,
		64,
		66,
		64,
		71,
		78,
		78,
		68,
		62,
		71,
		67,
		66,
		66,
		78,
		61,
		67,
		68,
		78,
		68,
		67,
		61,
		61,
		64
	],
	"raw_fractal_data": [
		[
			62,
			64,
			66
		],
		[
			64,
			71,
			78
		],
		[
			78,
			68,
			62
		],
		[
			71,
			67,
			66
		],
		[
			66,
			78,
			61
		],
		[
			67,
			68,
			78
		],
		[
			68,
			67,
			61
		],
		[
			61,
			64
		]
	],
	"hex": "626466647178786862716766667861676878686761616467",
	"voice_id": "v1",
	"scaled_idx_list": [
		5,
		6,
		6,
		6,
		8,
		11,
		11,
		7,
		5,
		8,
		7,
		6,
		6,
		11,
		5,
		7,
		7,
		11,
		7,
		7,
		5,
		5,
		6
	],
	"mapped_data": [
		61.03515625,
		76.2939453125,
		76.2939453125,
		76.2939453125,
		119.20928955078125,
		232.83064365386963,
		232.83064365386963,
		95.367431640625,
		61.03515625,
		119.20928955078125,
		95.367431640625,
		76.2939453125,
		76.2939453125,
		232.83064365386963,
		61.03515625,
		95.367431640625,
		95.367431640625,
		232.83064365386963,
		95.367431640625,
		95.367431640625,
		61.03515625,
		61.03515625,
		76.2939453125
	],
	"scalar": {
		"min": 0.4,
		"max": 0.9
	},
	"fractal_data": [
		[
			61.03515625,
			76.2939453125,
			76.2939453125
		],
		[
			76.2939453125,
			119.20928955078125,
			232.83064365386963
		],
		[
			232.83064365386963,
			95.367431640625,
			61.03515625
		],
		[
			119.20928955078125,
			95.367431640625,
			76.2939453125
		],
		[
			76.2939453125,
			232.83064365386963,
			61.03515625
		],
		[
			95.367431640625,
			95.367431640625,
			232.83064365386963
		],
		[
			95.367431640625,
			95.367431640625,
			61.03515625
		],
		[
			61.03515625,
			76.2939453125
		]
	],
	"EOS": 15.0
}