{
	"data_type": "duration",
	"seed": "059590955Q",
	"pattern_length": 3,
	"raw_idx_list": [
		48,
		53,
		57,
		53,
		57,
		48,
		57,
		53,
		53
	],
	"raw_fractal_data": [
		[
			48,
			53,
			57
		],
		[
			53,
			57,
			48
		],
		[
			57,
			53,
			53
		]
	],
	"hex": "30353935393039353551",
	"voice_id": "v1",
	"scaled_idx_list": [
		3,
		3,
		4,
		3,
		4,
		3,
		4,
		3,
		3
	],
	"mapped_data": [
		189.62820741096291,
		189.62820741096291,
		252.83697778725917,
		189.62820741096291,
		252.83697778725917,
		189.62820741096291,
		252.83697778725917,
		189.62820741096291,
		189.62820741096291
	],
	"scalar": {
		"min": 0.4,
		"max": 0.6
	},
	"fractal_data": [
		[
			189.62820741096291,
			189.62820741096291,
			252.83697778725917
		],
		[
			189.62820741096291,
			252.83697778725917,
			189.62820741096291
		],
		[
			252.83697778725917,
			189.62820741096291,
			189.62820741096291
		]
	],
	"EOS": 200.0
}