{
	"data_type": "pitches",
	"seed": "012100212Q",
	"pattern_length": 3,
	"raw_idx_list": [
		48,
		49,
		50,
		49,
		48,
		48,
		50,
		49,
		50
	],
	"raw_fractal_data": [
		[
			48,
			49,
			50
		],
		[
			49,
			48,
			48
		],
		[
			50,
			49,
			50
		]
	],
	"hex": "30313231303032313251",
	"voice_id": "v1",
	"scaled_idx_list": [
		43,
		53,
		64,
		53,
		43,
		43,
		64,
		53,
		64
	],
	"mapped_data": [
		329.6275569128699,
		587.3295358348151,
		1108.7305239074883,
		587.3295358348151,
		329.6275569128699,
		329.6275569128699,
		1108.7305239074883,
		587.3295358348151,
		1108.7305239074883
	],
	"scalar": {
		"min": 0.4,
		"max": 0.6
	},
	"fractal_data": [
		[
			329.6275569128699,
			587.3295358348151,
			1108.7305239074883
		],
		[
			587.3295358348151,
			329.6275569128699,
			329.6275569128699
		],
		[
			1108.7305239074883,
			587.3295358348151,
			1108.7305239074883
		]
	],
	"EOS": 220.0
}