{
	"data_type": "pitches",
	"seed": "059590955Q",
	"pattern_length": 3,
	"raw_idx_list": [
		48,
		53,
		57,
		53,
		57,
		48,
		57,
		53,
		53
	],
	"raw_fractal_data": [
		[
			48,
			53,
			57
		],
		[
			53,
			57,
			48
		],
		[
			57,
			53,
			53
		]
	],
	"hex": "30353935393039353551",
	"voice_id": "v1",
	"scaled_idx_list": [
		43,
		54,
		64,
		54,
		64,
		43,
		64,
		54,
		54
	],
	"mapped_data": [
		329.6275569128699,
		622.2539674441618,
		1108.7305239074883,
		622.2539674441618,
		1108.7305239074883,
		329.6275569128699,
		1108.7305239074883,
		622.2539674441618,
		622.2539674441618
	],
	"scalar": {
		"min": 0.4,
		"max": 0.6
	},
	"fractal_data": [
		[
			329.6275569128699,
			622.2539674441618,
			1108.7305239074883
		],
		[
			622.2539674441618,
			1108.7305239074883,
			329.6275569128699
		],
		[
			1108.7305239074883,
			622.2539674441618,
			622.2539674441618
		]
	],
	"EOS": 220.0
}