{
	"data_type": "duration",
	"seed": "012100212Q",
	"pattern_length": 3,
	"raw_idx_list": [
		48,
		49,
		50,
		49,
		48,
		48,
		50,
		49,
		50
	],
	"raw_fractal_data": [
		[
			48,
			49,
			50
		],
		[
			49,
			48,
			48
		],
		[
			50,
			49,
			50
		]
	],
	"hex": "30313231303032313251",
	"voice_id": "v1",
	"scaled_idx_list": [
		3,
		3,
		4,
		3,
		3,
		3,
		4,
		3,
		4
	],
	"mapped_data": [
		189.62820741096291,
		189.62820741096291,
		252.83697778725917,
		189.62820741096291,
		189.62820741096291,
		189.62820741096291,
		252.83697778725917,
		189.62820741096291,
		252.83697778725917
	],
	"scalar": {
		"min": 0.4,
		"max": 0.6
	},
	"fractal_data": [
		[
			189.62820741096291,
			189.62820741096291,
			252.83697778725917
		],
		[
			189.62820741096291,
			189.62820741096291,
			189.62820741096291
		],
		[
			252.83697778725917,
			189.62820741096291,
			252.83697778725917
		]
	],
	"EOS": 200.0
}