{
	"data_type": "rhythm",
	"seed": "012100212",
	"pattern_length": 3,
	"raw_idx_list": [
		48,
		49,
		50,
		49,
		48,
		48,
		50,
		49
	],
	"raw_fractal_data": [
		[
			48,
			49,
			50
		],
		[
			49,
			48,
			48
		],
		[
			50,
			49
		]
	],
	"hex": "303132313030323132",
	"voice_id": "v1",
	"scaled_idx_list": [
		3,
		3,
		4,
		3,
		3,
		3,
		4,
		3
	],
	"mapped_data": [
		213.33173333733328,
		213.33173333733328,
		284.44160001066655,
		213.33173333733328,
		213.33173333733328,
		213.33173333733328,
		284.44160001066655,
		213.33173333733328
	],
	"scalar": {
		"min": 0.4,
		"max": 0.6
	},
	"fractal_data": [
		[
			213.33173333733328,
			213.33173333733328,
			284.44160001066655
		],
		[
			213.33173333733328,
			213.33173333733328,
			213.33173333733328
		],
		[
			284.44160001066655,
			213.33173333733328
		]
	],
	"EOS": 400.0
}