{
	"data_type": "rhythm",
	"seed": "012Q1Q202112QQ20",
	"pattern_length": 4,
	"raw_idx_list": [
		48,
		49,
		50,
		81,
		49,
		81,
		50,
		48,
		50,
		49,
		49,
		50,
		81,
		81,
		50
	],
	"raw_fractal_data": [
		[
			48,
			49,
			50,
			81
		],
		[
			49,
			81,
			50,
			48
		],
		[
			50,
			49,
			49,
			50
		],
		[
			81,
			81,
			50
		]
	],
	"hex": "30313251315132303231313251513230",
	"voice_id": "v1",
	"scaled_idx_list": [
		3,
		3,
		3,
		4,
		3,
		4,
		3,
		3,
		3,
		3,
		3,
		3,
		4,
		4,
		3
	],
	"mapped_data": [
		213.33173333733328,
		213.33173333733328,
		213.33173333733328,
		284.44160001066655,
		213.33173333733328,
		284.44160001066655,
		213.33173333733328,
		213.33173333733328,
		213.33173333733328,
		213.33173333733328,
		213.33173333733328,
		213.33173333733328,
		284.44160001066655,
		284.44160001066655,
		213.33173333733328
	],
	"scalar": {
		"min": 0.4,
		"max": 0.6
	},
	"fractal_data": [
		[
			213.33173333733328,
			213.33173333733328,
			213.33173333733328,
			284.44160001066655
		],
		[
			213.33173333733328,
			284.44160001066655,
			213.33173333733328,
			213.33173333733328
		],
		[
			213.33173333733328,
			213.33173333733328,
			213.33173333733328,
			213.33173333733328
		],
		[
			284.44160001066655,
			284.44160001066655,
			213.33173333733328
		]
	],
	"EOS": 400.0
}