{
	"data_type": "pitches",
	"seed": "059Q59009095",
	"pattern_length": 4,
	"raw_idx_list": [
		48,
		53,
		57,
		81,
		53,
		57,
		48,
		48,
		57,
		48,
		57
	],
	"raw_fractal_data": [
		[
			48,
			53,
			57,
			81
		],
		[
			53,
			57,
			48,
			48
		],
		[
			57,
			48,
			57
		]
	],
	"hex": "303539513539303039303935",
	"voice_id": "v1",
	"scaled_idx_list": [
		43,
		46,
		48,
		64,
		46,
		48,
		43,
		43,
		48,
		43,
		48
	],
	"mapped_data": [
		329.6275569128699,
		391.99543598174927,
		440.0,
		1108.7305239074883,
		391.99543598174927,
		440.0,
		329.6275569128699,
		329.6275569128699,
		440.0,
		329.6275569128699,
		440.0
	],
	"scalar": {
		"min": 0.4,
		"max": 0.6
	},
	"fractal_data": [
		[
			329.6275569128699,
			391.99543598174927,
			440.0,
			1108.7305239074883
		],
		[
			391.99543598174927,
			440.0,
			329.6275569128699,
			329.6275569128699
		],
		[
			440.0,
			329.6275569128699,
			440.0
		]
	],
	"EOS": 220.0
}