{
	"data_type": "pitches",
	"seed": "012Q1Q202112QQ20",
	"pattern_length": 4,
	"raw_idx_list": [
		48,
		49,
		50,
		81,
		49,
		81,
		50,
		48,
		50,
		49,
		49,
		50,
		81,
		81,
		50
	],
	"raw_fractal_data": [
		[
			48,
			49,
			50,
			81
		],
		[
			49,
			81,
			50,
			48
		],
		[
			50,
			49,
			49,
			50
		],
		[
			81,
			81,
			50
		]
	],
	"hex": "30313251315132303231313251513230",
	"voice_id": "v1",
	"scaled_idx_list": [
		43,
		43,
		44,
		64,
		43,
		64,
		44,
		43,
		44,
		43,
		43,
		44,
		64,
		64,
		44
	],
	"mapped_data": [
		329.6275569128699,
		329.6275569128699,
		349.2282314330039,
		1108.7305239074883,
		329.6275569128699,
		1108.7305239074883,
		349.2282314330039,
		329.6275569128699,
		349.2282314330039,
		329.6275569128699,
		329.6275569128699,
		349.2282314330039,
		1108.7305239074883,
		1108.7305239074883,
		349.2282314330039
	],
	"scalar": {
		"min": 0.4,
		"max": 0.6
	},
	"fractal_data": [
		[
			329.6275569128699,
			329.6275569128699,
			349.2282314330039,
			1108.7305239074883
		],
		[
			329.6275569128699,
			1108.7305239074883,
			349.2282314330039,
			329.6275569128699
		],
		[
			349.2282314330039,
			329.6275569128699,
			329.6275569128699,
			349.2282314330039
		],
		[
			1108.7305239074883,
			1108.7305239074883,
			349.2282314330039
		]
	],
	"EOS": 220.0
}