{
	"data_type": "pitches",
	"seed": "059Q59QQ9095QQ0Q",
	"pattern_length": 4,
	"raw_idx_list": [
		48,
		53,
		57,
		81,
		53,
		57,
		81,
		81,
		57,
		48,
		57,
		53,
		81,
		81,
		48
	],
	"raw_fractal_data": [
		[
			48,
			53,
			57,
			81
		],
		[
			53,
			57,
			81,
			81
		],
		[
			57,
			48,
			57,
			53
		],
		[
			81,
			81,
			48
		]
	],
	"hex": "30353951353951513930393551513051",
	"voice_id": "v1",
	"scaled_idx_list": [
		43,
		46,
		48,
		64,
		46,
		48,
		64,
		64,
		48,
		43,
		48,
		46,
		64,
		64,
		43
	],
	"mapped_data": [
		329.6275569128699,
		391.99543598174927,
		440.0,
		1108.7305239074883,
		391.99543598174927,
		440.0,
		1108.7305239074883,
		1108.7305239074883,
		440.0,
		329.6275569128699,
		440.0,
		391.99543598174927,
		1108.7305239074883,
		1108.7305239074883,
		329.6275569128699
	],
	"scalar": {
		"min": 0.4,
		"max": 0.6
	},
	"fractal_data": [
		[
			329.6275569128699,
			391.99543598174927,
			440.0,
			1108.7305239074883
		],
		[
			391.99543598174927,
			440.0,
			1108.7305239074883,
			1108.7305239074883
		],
		[
			440.0,
			329.6275569128699,
			440.0,
			391.99543598174927
		],
		[
			1108.7305239074883,
			1108.7305239074883,
			329.6275569128699
		]
	],
	"EOS": 220.0
}