{
	"data_type": "rhythm",
	"seed": "0595590Q9095",
	"pattern_length": 4,
	"raw_idx_list": [
		48,
		53,
		57,
		53,
		53,
		57,
		48,
		81,
		57,
		48,
		57
	],
	"raw_fractal_data": [
		[
			48,
			53,
			57,
			53
		],
		[
			53,
			57,
			48,
			81
		],
		[
			57,
			48,
			57
		]
	],
	"hex": "303539353539305139303935",
	"voice_id": "v1",
	"scaled_idx_list": [
		4,
		4,
		4,
		4,
		4,
		4,
		4,
		6,
		4,
		4,
		4
	],
	"mapped_data": [
		142.22080000533327,
		142.22080000533327,
		142.22080000533327,
		142.22080000533327,
		142.22080000533327,
		142.22080000533327,
		142.22080000533327,
		252.8357136039504,
		142.22080000533327,
		142.22080000533327,
		142.22080000533327
	],
	"scalar": {
		"min": 0.4,
		"max": 0.6
	},
	"fractal_data": [
		[
			142.22080000533327,
			142.22080000533327,
			142.22080000533327,
			142.22080000533327
		],
		[
			142.22080000533327,
			142.22080000533327,
			142.22080000533327,
			252.8357136039504
		],
		[
			142.22080000533327,
			142.22080000533327,
			142.22080000533327
		]
	],
	"EOS": 400.0
}