{
	"data_type": "rhythm",
	"seed": "059Q59009095",
	"pattern_length": 4,
	"raw_idx_list": [
		48,
		53,
		57,
		81,
		53,
		57,
		48,
		48,
		57,
		48,
		57
	],
	"raw_fractal_data": [
		[
			48,
			53,
			57,
			81
		],
		[
			53,
			57,
			48,
			48
		],
		[
			57,
			48,
			57
		]
	],
	"hex": "303539513539303039303935",
	"voice_id": "v1",
	"scaled_idx_list": [
		3,
		3,
		3,
		4,
		3,
		3,
		3,
		3,
		3,
		3,
		3
	],
	"mapped_data": [
		213.33173333733328,
		213.33173333733328,
		213.33173333733328,
		284.44160001066655,
		213.33173333733328,
		213.33173333733328,
		213.33173333733328,
		213.33173333733328,
		213.33173333733328,
		213.33173333733328,
		213.33173333733328
	],
	"scalar": {
		"min": 0.4,
		"max": 0.6
	},
	"fractal_data": [
		[
			213.33173333733328,
			213.33173333733328,
			213.33173333733328,
			284.44160001066655
		],
		[
			213.33173333733328,
			213.33173333733328,
			213.33173333733328,
			213.33173333733328
		],
		[
			213.33173333733328,
			213.33173333733328,
			213.33173333733328
		]
	],
	"EOS": 400.0
}