{
	"data_type": "duration",
	"seed": "059Q59QQ9095QQ0Q",
	"pattern_length": 4,
	"raw_idx_list": [
		48,
		53,
		57,
		81,
		53,
		57,
		81,
		81,
		57,
		48,
		57,
		53,
		81,
		81,
		48
	],
	"raw_fractal_data": [
		[
			48,
			53,
			57,
			81
		],
		[
			53,
			57,
			81,
			81
		],
		[
			57,
			48,
			57,
			53
		],
		[
			81,
			81,
			48
		]
	],
	"hex": "30353951353951513930393551513051",
	"voice_id": "v1",
	"scaled_idx_list": [
		3,
		3,
		3,
		4,
		3,
		3,
		4,
		4,
		3,
		3,
		3,
		3,
		4,
		4,
		3
	],
	"mapped_data": [
		189.62820741096291,
		189.62820741096291,
		189.62820741096291,
		252.83697778725917,
		189.62820741096291,
		189.62820741096291,
		252.83697778725917,
		252.83697778725917,
		189.62820741096291,
		189.62820741096291,
		189.62820741096291,
		189.62820741096291,
		252.83697778725917,
		252.83697778725917,
		189.62820741096291
	],
	"scalar": {
		"min": 0.4,
		"max": 0.6
	},
	"fractal_data": [
		[
			189.62820741096291,
			189.62820741096291,
			189.62820741096291,
			252.83697778725917
		],
		[
			189.62820741096291,
			189.62820741096291,
			252.83697778725917,
			252.83697778725917
		],
		[
			189.62820741096291,
			189.62820741096291,
			189.62820741096291,
			189.62820741096291
		],
		[
			252.83697778725917,
			252.83697778725917,
			189.62820741096291
		]
	],
	"EOS": 200.0
}