{
	"hex": "31323334323433313333343134323133",
	"seed": "1234243133414213",
	"pattern_length": 4,
	"min_percent": 0.2,
	"max_percent": 0.65,
	"data": [
		[
			92.4986056779086,
			233.08188075904496,
			587.3295358348151,
			1567.981743926997
		],
		[
			233.08188075904496,
			1567.981743926997,
			587.3295358348151,
			92.4986056779086
		],
		[
			587.3295358348151,
			587.3295358348151,
			1567.981743926997,
			92.4986056779086
		],
		[
			1567.981743926997,
			233.08188075904496,
			92.4986056779086
		]
	]
}