{
	"data_type": "pitches",
	"hex": "31323334323433313333343134323133",
	"seed": "1234243133414213",
	"pattern_length": 4,
	"raw_idx_list": [
		31,
		32,
		33,
		34,
		32,
		34,
		33,
		31,
		33,
		33,
		34,
		31,
		34,
		32,
		31
	],
	"raw_fractal_data": [
		[
			31,
			32,
			33,
			34
		],
		[
			32,
			34,
			33,
			31
		],
		[
			33,
			33,
			34,
			31
		],
		[
			34,
			32,
			31
		]
	],
	"scaled_idx_list": [
		16,
		28,
		40,
		52,
		28,
		52,
		40,
		16,
		40,
		40,
		52,
		16,
		52,
		28,
		16
	],
	"mapped_data": [
		94.296838113838,
		237.61314255630734,
		598.7476000767258,
		1508.749409821408,
		237.61314255630734,
		1508.749409821408,
		598.7476000767258,
		94.296838113838,
		598.7476000767258,
		598.7476000767258,
		1508.749409821408,
		94.296838113838,
		1508.749409821408,
		237.61314255630734,
		94.296838113838
	],
	"scalar": {
		"min": 0.2,
		"max": 0.65
	},
	"fractal_data": [
		[
			94.296838113838,
			237.61314255630734,
			598.7476000767258,
			1508.749409821408
		],
		[
			237.61314255630734,
			1508.749409821408,
			598.7476000767258,
			94.296838113838
		],
		[
			598.7476000767258,
			598.7476000767258,
			1508.749409821408,
			94.296838113838
		],
		[
			1508.749409821408,
			237.61314255630734,
			94.296838113838
		]
	]
}