{
	"data_type": "pitches",
	"hex": "314c33344c34333133333431344c3133",
	"seed": "1L34L43133414L13",
	"pattern_length": 4,
	"raw_idx_list": [
		31,
		41,
		23,
		33,
		44,
		12,
		34,
		33,
		31,
		33,
		33,
		34,
		31,
		34,
		41,
		23,
		13
	],
	"raw_fractal_data": [
		[
			31,
			41,
			23,
			33
		],
		[
			44,
			12,
			34,
			33
		],
		[
			31,
			33,
			33,
			34
		],
		[
			31,
			34,
			41,
			23
		],
		[
			13
		]
	],
	"scaled_idx_list": [
		65,
		85,
		49,
		69,
		91,
		28,
		71,
		69,
		65,
		69,
		69,
		71,
		65,
		71,
		85,
		49,
		29
	],
	"mapped_data": [
		546.2857157325234,
		1370.3492795015982,
		261.7524165734333,
		656.6018937145925,
		1805.7378655275897,
		99.65720375568314,
		719.8520968711234,
		656.6018937145925,
		546.2857157325234,
		656.6018937145925,
		656.6018937145925,
		719.8520968711234,
		546.2857157325234,
		719.8520968711234,
		1370.3492795015982,
		261.7524165734333,
		104.34683213358736
	],
	"scalar": {
		"min": 0.2,
		"max": 0.65
	},
	"fractal_data": [
		[
			546.2857157325234,
			1370.3492795015982,
			261.7524165734333,
			656.6018937145925
		],
		[
			1805.7378655275897,
			99.65720375568314,
			719.8520968711234,
			656.6018937145925
		],
		[
			546.2857157325234,
			656.6018937145925,
			656.6018937145925,
			719.8520968711234
		],
		[
			546.2857157325234,
			719.8520968711234,
			1370.3492795015982,
			261.7524165734333
		],
		[
			104.34683213358736
		]
	]
}