{
	"hex": "4c696665697334325f66657266726f6d65207a5f7365726669734c6534695f5f326d6f726f4c34656d5f6573",
	"seed": "Lifeis42_ferfrome z_serfisLe4i__2moroL4em_es",
	"pattern_length": 4,
	"min_percent": 0.2,
	"max_percent": 0.65,
	"data": [
		[
			277.1826309768721,
			174.61411571650194,
			1479.9776908465376,
			587.3295358348151
		],
		[
			440.0,
			1567.981743926997,
			207.65234878997256,
			293.6647679174076
		],
		[
			164.81377845643496,
			123.47082531403103,
			587.3295358348151,
			554.3652619537442
		],
		[
			698.4564628660078,
			587.3295358348151,
			698.4564628660078,
			493.8833012561241
		],
		[
			440.0,
			116.54094037952248,
			554.3652619537442,
			138.59131548843604
		],
		[
			698.4564628660078,
			92.4986056779086,
			123.47082531403103,
			739.9888454232688
		],
		[
			554.3652619537442,
			698.4564628660078,
			587.3295358348151,
			659.2551138257398
		],
		[
			739.9888454232688,
			277.1826309768721,
			174.61411571650194,
			391.99543598174927
		],
		[
			311.1269837220809,
			1396.9129257320155,
			123.47082531403103,
			369.9944227116344
		],
		[
			391.99543598174927,
			174.61411571650194,
			116.54094037952248,
			493.8833012561241
		],
		[
			440.0,
			174.61411571650194,
			123.47082531403103,
			277.1826309768721
		],
		[
			155.56349186104046,
			311.1269837220809,
			440.0,
			116.54094037952248
		],
		[
			369.9944227116344,
			440.0,
			440.0
		]
	]
}