{
	"data_type": "pitches",
	"hex": "53616d6d792077617320616374696e672073757065722073696c6c7921",
	"seed": "Sammy was acting super silly!",
	"pattern_length": 5,
	"raw_idx_list": [
		53,
		61,
		61,
		36,
		13,
		79,
		20,
		77,
		61,
		73,
		20,
		61,
		63,
		74,
		69,
		61,
		46,
		72,
		7,
		37,
		57,
		6,
		57,
		22,
		7,
		36,
		96,
		12,
		61,
		27,
		92
	],
	"raw_fractal_data": [
		[
			53,
			61,
			61,
			36,
			13
		],
		[
			79,
			20,
			77,
			61,
			73
		],
		[
			20,
			61,
			63,
			74,
			69
		],
		[
			61,
			46,
			72,
			7,
			37
		],
		[
			57,
			6,
			57,
			22,
			7
		],
		[
			36,
			96,
			12,
			61,
			27
		],
		[
			92
		]
	],
	"scaled_idx_list": [
		53,
		57,
		57,
		44,
		31,
		66,
		35,
		65,
		57,
		63,
		35,
		57,
		58,
		64,
		61,
		57,
		49,
		63,
		28,
		44,
		55,
		28,
		55,
		36,
		28,
		44,
		76,
		31,
		57,
		39,
		73
	],
	"mapped_data": [
		761.191888958712,
		1001.78486392878,
		1001.78486392878,
		410.3112702518599,
		168.0553825054236,
		1858.4683585126008,
		221.1733216521789,
		1735.1422825781217,
		1001.78486392878,
		1512.4984425488124,
		221.1733216521789,
		1001.78486392878,
		1072.987207067652,
		1620.0,
		1318.4230259858161,
		1001.78486392878,
		578.3807608593738,
		1512.4984425488124,
		136.77042341728665,
		410.3112702518599,
		873.2413829544466,
		136.77042341728665,
		873.2413829544466,
		236.89332233144862,
		136.77042341728665,
		410.3112702518599,
		3692.8014322667395,
		168.0553825054236,
		1001.78486392878,
		291.08046098481555,
		3005.3545917863403
	],
	"scalar": {
		"min": 0.3,
		"max": 0.8
	},
	"fractal_data": [
		[
			761.191888958712,
			1001.78486392878,
			1001.78486392878,
			410.3112702518599,
			168.0553825054236
		],
		[
			1858.4683585126008,
			221.1733216521789,
			1735.1422825781217,
			1001.78486392878,
			1512.4984425488124
		],
		[
			221.1733216521789,
			1001.78486392878,
			1072.987207067652,
			1620.0,
			1318.4230259858161
		],
		[
			1001.78486392878,
			578.3807608593738,
			1512.4984425488124,
			136.77042341728665,
			410.3112702518599
		],
		[
			873.2413829544466,
			136.77042341728665,
			873.2413829544466,
			236.89332233144862,
			136.77042341728665
		],
		[
			410.3112702518599,
			3692.8014322667395,
			168.0553825054236,
			1001.78486392878,
			291.08046098481555
		],
		[
			3005.3545917863403
		]
	]
}