{
	"data_type": "duration",
	"seed": "MODESOMDODDSMSSEMEOESSESO",
	"pattern_length": 5,
	"raw_idx_list": [
		65,
		52,
		21,
		68,
		69,
		83,
		65,
		84,
		19,
		68,
		65,
		84,
		68,
		69,
		52,
		19,
		83,
		83,
		69,
		65,
		52,
		84,
		21,
		69,
		83,
		83,
		69,
		83,
		65
	],
	"raw_fractal_data": [
		[
			65,
			52,
			21,
			68,
			69
		],
		[
			83,
			65,
			84,
			19,
			68
		],
		[
			65,
			84,
			68,
			69,
			52
		],
		[
			19,
			83,
			83,
			69,
			65
		],
		[
			52,
			84,
			21,
			69,
			83
		],
		[
			83,
			69,
			83,
			65
		]
	],
	"hex": "4d4f4445534f4d444f4444534d5353454d454f45535345534f",
	"voice_id": "v1",
	"scaled_idx_list": [
		10,
		9,
		6,
		11,
		11,
		12,
		10,
		13,
		6,
		11,
		10,
		13,
		11,
		11,
		9,
		6,
		12,
		12,
		11,
		10,
		9,
		13,
		6,
		11,
		12,
		12,
		11,
		12,
		10
	],
	"mapped_data": [
		227.31247178278863,
		202.0555304735899,
		141.9100570678711,
		255.7265307556372,
		255.7265307556372,
		287.69234710009187,
		227.31247178278863,
		323.65389048760335,
		141.9100570678711,
		255.7265307556372,
		227.31247178278863,
		323.65389048760335,
		255.7265307556372,
		255.7265307556372,
		202.0555304735899,
		141.9100570678711,
		287.69234710009187,
		287.69234710009187,
		255.7265307556372,
		227.31247178278863,
		202.0555304735899,
		323.65389048760335,
		141.9100570678711,
		255.7265307556372,
		287.69234710009187,
		287.69234710009187,
		255.7265307556372,
		287.69234710009187,
		227.31247178278863
	],
	"scalar": {
		"min": 0.3,
		"max": 0.6
	},
	"fractal_data": [
		[
			227.31247178278863,
			202.0555304735899,
			141.9100570678711,
			255.7265307556372,
			255.7265307556372
		],
		[
			287.69234710009187,
			227.31247178278863,
			323.65389048760335,
			141.9100570678711,
			255.7265307556372
		],
		[
			227.31247178278863,
			323.65389048760335,
			255.7265307556372,
			255.7265307556372,
			202.0555304735899
		],
		[
			141.9100570678711,
			287.69234710009187,
			287.69234710009187,
			255.7265307556372,
			227.31247178278863
		],
		[
			202.0555304735899,
			323.65389048760335,
			141.9100570678711,
			255.7265307556372,
			287.69234710009187
		],
		[
			287.69234710009187,
			255.7265307556372,
			287.69234710009187,
			227.31247178278863
		]
	]
}