{
	"data_type": "pitches",
	"seed": "MODESOMDODDSMSSEMEOESSESO",
	"pattern_length": 5,
	"raw_idx_list": [
		65,
		52,
		21,
		68,
		69,
		83,
		65,
		84,
		19,
		68,
		65,
		84,
		68,
		69,
		52,
		19,
		83,
		83,
		69,
		65,
		52,
		84,
		21,
		69,
		83,
		83,
		69,
		83,
		65
	],
	"raw_fractal_data": [
		[
			65,
			52,
			21,
			68,
			69
		],
		[
			83,
			65,
			84,
			19,
			68
		],
		[
			65,
			84,
			68,
			69,
			52
		],
		[
			19,
			83,
			83,
			69,
			65
		],
		[
			52,
			84,
			21,
			69,
			83
		],
		[
			83,
			69,
			83,
			65
		]
	],
	"hex": "4d4f4445534f4d444f4444534d5353454d454f45535345534f",
	"voice_id": "v1",
	"scaled_idx_list": [
		40,
		36,
		25,
		41,
		41,
		46,
		40,
		47,
		25,
		41,
		40,
		47,
		41,
		41,
		36,
		25,
		46,
		46,
		41,
		40,
		36,
		47,
		25,
		41,
		46,
		46,
		41,
		46,
		40
	],
	"mapped_data": [
		1479.9776908465376,
		987.7666025122483,
		329.6275569128699,
		1661.2187903197805,
		1661.2187903197805,
		2637.0204553029594,
		1479.9776908465376,
		2959.955381693075,
		329.6275569128699,
		1661.2187903197805,
		1479.9776908465376,
		2959.955381693075,
		1661.2187903197805,
		1661.2187903197805,
		987.7666025122483,
		329.6275569128699,
		2637.0204553029594,
		2637.0204553029594,
		1661.2187903197805,
		1479.9776908465376,
		987.7666025122483,
		2959.955381693075,
		329.6275569128699,
		1661.2187903197805,
		2637.0204553029594,
		2637.0204553029594,
		1661.2187903197805,
		2637.0204553029594,
		1479.9776908465376
	],
	"scalar": {
		"min": 0.4,
		"max": 0.75
	},
	"fractal_data": [
		[
			1479.9776908465376,
			987.7666025122483,
			329.6275569128699,
			1661.2187903197805,
			1661.2187903197805
		],
		[
			2637.0204553029594,
			1479.9776908465376,
			2959.955381693075,
			329.6275569128699,
			1661.2187903197805
		],
		[
			1479.9776908465376,
			2959.955381693075,
			1661.2187903197805,
			1661.2187903197805,
			987.7666025122483
		],
		[
			329.6275569128699,
			2637.0204553029594,
			2637.0204553029594,
			1661.2187903197805,
			1479.9776908465376
		],
		[
			987.7666025122483,
			2959.955381693075,
			329.6275569128699,
			1661.2187903197805,
			2637.0204553029594
		],
		[
			2637.0204553029594,
			1661.2187903197805,
			2637.0204553029594,
			1479.9776908465376
		]
	],
	"EOS": 220.0
}