{
	"data_type": "pitches",
	"seed": "MODESOMDODDSMSSEMEOESSESO",
	"pattern_length": 5,
	"raw_idx_list": [
		65,
		52,
		21,
		68,
		69,
		83,
		65,
		84,
		19,
		68,
		65,
		84,
		68,
		69,
		52,
		19,
		83,
		83,
		69,
		65,
		52,
		84,
		21,
		69,
		83,
		83,
		69,
		83,
		65
	],
	"raw_fractal_data": [
		[
			65,
			52,
			21,
			68,
			69
		],
		[
			83,
			65,
			84,
			19,
			68
		],
		[
			65,
			84,
			68,
			69,
			52
		],
		[
			19,
			83,
			83,
			69,
			65
		],
		[
			52,
			84,
			21,
			69,
			83
		],
		[
			83,
			69,
			83,
			65
		]
	],
	"hex": "4d4f4445534f4d444f4444534d5353454d454f45535345534f",
	"voice_id": "v1",
	"scaled_idx_list": [
		22,
		20,
		13,
		23,
		23,
		26,
		22,
		27,
		13,
		23,
		22,
		27,
		23,
		23,
		20,
		13,
		26,
		26,
		23,
		22,
		20,
		27,
		13,
		23,
		26,
		26,
		23,
		26,
		22
	],
	"mapped_data": [
		659.2551138257398,
		554.3652619537442,
		184.9972113558172,
		739.9888454232688,
		739.9888454232688,
		1174.6590716696303,
		659.2551138257398,
		1318.5102276514797,
		184.9972113558172,
		739.9888454232688,
		659.2551138257398,
		1318.5102276514797,
		739.9888454232688,
		739.9888454232688,
		554.3652619537442,
		184.9972113558172,
		1174.6590716696303,
		1174.6590716696303,
		739.9888454232688,
		659.2551138257398,
		554.3652619537442,
		1318.5102276514797,
		184.9972113558172,
		739.9888454232688,
		1174.6590716696303,
		1174.6590716696303,
		739.9888454232688,
		1174.6590716696303,
		659.2551138257398
	],
	"scalar": {
		"min": 0.3,
		"max": 0.6
	},
	"fractal_data": [
		[
			659.2551138257398,
			554.3652619537442,
			184.9972113558172,
			739.9888454232688,
			739.9888454232688
		],
		[
			1174.6590716696303,
			659.2551138257398,
			1318.5102276514797,
			184.9972113558172,
			739.9888454232688
		],
		[
			659.2551138257398,
			1318.5102276514797,
			739.9888454232688,
			739.9888454232688,
			554.3652619537442
		],
		[
			184.9972113558172,
			1174.6590716696303,
			1174.6590716696303,
			739.9888454232688,
			659.2551138257398
		],
		[
			554.3652619537442,
			1318.5102276514797,
			184.9972113558172,
			739.9888454232688,
			1174.6590716696303
		],
		[
			1174.6590716696303,
			739.9888454232688,
			1174.6590716696303,
			659.2551138257398
		]
	]
}