{
	"data_type": "duration",
	"seed": "MODESOMDODDSMSSEMEOESSESO",
	"pattern_length": 5,
	"raw_idx_list": [
		65,
		52,
		21,
		68,
		69,
		83,
		65,
		84,
		19,
		68,
		65,
		84,
		68,
		69,
		52,
		19,
		83,
		83,
		69,
		65,
		52,
		84,
		21,
		69,
		83,
		83,
		69,
		83,
		65
	],
	"raw_fractal_data": [
		[
			65,
			52,
			21,
			68,
			69
		],
		[
			83,
			65,
			84,
			19,
			68
		],
		[
			65,
			84,
			68,
			69,
			52
		],
		[
			19,
			83,
			83,
			69,
			65
		],
		[
			52,
			84,
			21,
			69,
			83
		],
		[
			83,
			69,
			83,
			65
		]
	],
	"hex": "4d4f4445534f4d444f4444534d5353454d454f45535345534f",
	"voice_id": "v1",
	"scaled_idx_list": [
		13,
		12,
		8,
		14,
		14,
		15,
		13,
		16,
		8,
		14,
		13,
		16,
		14,
		14,
		12,
		8,
		15,
		15,
		14,
		13,
		12,
		16,
		8,
		14,
		15,
		15,
		14,
		15,
		13
	],
	"mapped_data": [
		323.65389048760335,
		287.69234710009187,
		179.60491597652435,
		364.11062679855377,
		364.11062679855377,
		409.624455148373,
		323.65389048760335,
		460.8275120419196,
		179.60491597652435,
		364.11062679855377,
		323.65389048760335,
		460.8275120419196,
		364.11062679855377,
		364.11062679855377,
		287.69234710009187,
		179.60491597652435,
		409.624455148373,
		409.624455148373,
		364.11062679855377,
		323.65389048760335,
		287.69234710009187,
		460.8275120419196,
		179.60491597652435,
		364.11062679855377,
		409.624455148373,
		409.624455148373,
		364.11062679855377,
		409.624455148373,
		323.65389048760335
	],
	"scalar": {
		"min": 0.4,
		"max": 0.75
	},
	"fractal_data": [
		[
			323.65389048760335,
			287.69234710009187,
			179.60491597652435,
			364.11062679855377,
			364.11062679855377
		],
		[
			409.624455148373,
			323.65389048760335,
			460.8275120419196,
			179.60491597652435,
			364.11062679855377
		],
		[
			323.65389048760335,
			460.8275120419196,
			364.11062679855377,
			364.11062679855377,
			287.69234710009187
		],
		[
			179.60491597652435,
			409.624455148373,
			409.624455148373,
			364.11062679855377,
			323.65389048760335
		],
		[
			287.69234710009187,
			460.8275120419196,
			179.60491597652435,
			364.11062679855377,
			409.624455148373
		],
		[
			409.624455148373,
			364.11062679855377,
			409.624455148373,
			323.65389048760335
		]
	],
	"EOS": 200.0
}