{
	"data_type": "pitches",
	"seed": "MODESOMDODDSMSSEMEOESSESO",
	"pattern_length": 5,
	"raw_idx_list": [
		65,
		52,
		21,
		68,
		69,
		83,
		65,
		84,
		19,
		68,
		65,
		84,
		68,
		69,
		52,
		19,
		83,
		83,
		69,
		65,
		52,
		84,
		21,
		69,
		83,
		83,
		69,
		83,
		65
	],
	"raw_fractal_data": [
		[
			65,
			52,
			21,
			68,
			69
		],
		[
			83,
			65,
			84,
			19,
			68
		],
		[
			65,
			84,
			68,
			69,
			52
		],
		[
			19,
			83,
			83,
			69,
			65
		],
		[
			52,
			84,
			21,
			69,
			83
		],
		[
			83,
			69,
			83,
			65
		]
	],
	"hex": "4d4f4445534f4d444f4444534d5353454d454f45535345534f",
	"voice_id": "v1",
	"scaled_idx_list": [
		29,
		24,
		12,
		30,
		31,
		36,
		29,
		37,
		12,
		30,
		29,
		37,
		30,
		31,
		24,
		12,
		36,
		36,
		31,
		29,
		24,
		37,
		12,
		31,
		36,
		36,
		31,
		36,
		29
	],
	"mapped_data": [
		493.8833012561241,
		293.6647679174076,
		92.4986056779086,
		554.3652619537442,
		587.3295358348151,
		987.7666025122483,
		493.8833012561241,
		1108.7305239074883,
		92.4986056779086,
		554.3652619537442,
		493.8833012561241,
		1108.7305239074883,
		554.3652619537442,
		587.3295358348151,
		293.6647679174076,
		92.4986056779086,
		987.7666025122483,
		987.7666025122483,
		587.3295358348151,
		493.8833012561241,
		293.6647679174076,
		1108.7305239074883,
		92.4986056779086,
		587.3295358348151,
		987.7666025122483,
		987.7666025122483,
		587.3295358348151,
		987.7666025122483,
		493.8833012561241
	],
	"scalar": {
		"min": 0.2,
		"max": 0.6
	},
	"fractal_data": [
		[
			493.8833012561241,
			293.6647679174076,
			92.4986056779086,
			554.3652619537442,
			587.3295358348151
		],
		[
			987.7666025122483,
			493.8833012561241,
			1108.7305239074883,
			92.4986056779086,
			554.3652619537442
		],
		[
			493.8833012561241,
			1108.7305239074883,
			554.3652619537442,
			587.3295358348151,
			293.6647679174076
		],
		[
			92.4986056779086,
			987.7666025122483,
			987.7666025122483,
			587.3295358348151,
			493.8833012561241
		],
		[
			293.6647679174076,
			1108.7305239074883,
			92.4986056779086,
			587.3295358348151,
			987.7666025122483
		],
		[
			987.7666025122483,
			587.3295358348151,
			987.7666025122483,
			493.8833012561241
		]
	]
}