{
	"data_type": "rhythm",
	"seed": "MODESOMDODDSMSSEMEOESSESO",
	"pattern_length": 5,
	"raw_idx_list": [
		65,
		52,
		21,
		68,
		69,
		83,
		65,
		84,
		19,
		68,
		65,
		84,
		68,
		69,
		52,
		19,
		83,
		83,
		69,
		65,
		52,
		84,
		21,
		69,
		83,
		83,
		69,
		83,
		65
	],
	"raw_fractal_data": [
		[
			65,
			52,
			21,
			68,
			69
		],
		[
			83,
			65,
			84,
			19,
			68
		],
		[
			65,
			84,
			68,
			69,
			52
		],
		[
			19,
			83,
			83,
			69,
			65
		],
		[
			52,
			84,
			21,
			69,
			83
		],
		[
			83,
			69,
			83,
			65
		]
	],
	"hex": "4d4f4445534f4d444f4444534d5353454d454f45535345534f",
	"voice_id": "v1",
	"scaled_idx_list": [
		11,
		10,
		7,
		12,
		12,
		13,
		11,
		14,
		7,
		12,
		11,
		14,
		12,
		12,
		10,
		7,
		13,
		13,
		12,
		11,
		10,
		14,
		7,
		12,
		13,
		13,
		12,
		13,
		11
	],
	"mapped_data": [
		255.7265307556372,
		227.31247178278863,
		159.64881420135498,
		287.69234710009187,
		287.69234710009187,
		323.65389048760335,
		255.7265307556372,
		364.11062679855377,
		159.64881420135498,
		287.69234710009187,
		255.7265307556372,
		364.11062679855377,
		287.69234710009187,
		287.69234710009187,
		227.31247178278863,
		159.64881420135498,
		323.65389048760335,
		323.65389048760335,
		287.69234710009187,
		255.7265307556372,
		227.31247178278863,
		364.11062679855377,
		159.64881420135498,
		287.69234710009187,
		323.65389048760335,
		323.65389048760335,
		287.69234710009187,
		323.65389048760335,
		255.7265307556372
	],
	"scalar": {
		"min": 0.3,
		"max": 0.6
	},
	"fractal_data": [
		[
			255.7265307556372,
			227.31247178278863,
			159.64881420135498,
			287.69234710009187,
			287.69234710009187
		],
		[
			323.65389048760335,
			255.7265307556372,
			364.11062679855377,
			159.64881420135498,
			287.69234710009187
		],
		[
			255.7265307556372,
			364.11062679855377,
			287.69234710009187,
			287.69234710009187,
			227.31247178278863
		],
		[
			159.64881420135498,
			323.65389048760335,
			323.65389048760335,
			287.69234710009187,
			255.7265307556372
		],
		[
			227.31247178278863,
			364.11062679855377,
			159.64881420135498,
			287.69234710009187,
			323.65389048760335
		],
		[
			323.65389048760335,
			287.69234710009187,
			323.65389048760335,
			255.7265307556372
		]
	]
}