{
	"data_type": "duration",
	"seed": "MODESOMDODDSMSSEMEOESSESO",
	"pattern_length": 5,
	"raw_idx_list": [
		65,
		52,
		21,
		68,
		69,
		83,
		65,
		84,
		19,
		68,
		65,
		84,
		68,
		69,
		52,
		19,
		83,
		83,
		69,
		65,
		52,
		84,
		21,
		69,
		83,
		83,
		69,
		83,
		65
	],
	"raw_fractal_data": [
		[
			65,
			52,
			21,
			68,
			69
		],
		[
			83,
			65,
			84,
			19,
			68
		],
		[
			65,
			84,
			68,
			69,
			52
		],
		[
			19,
			83,
			83,
			69,
			65
		],
		[
			52,
			84,
			21,
			69,
			83
		],
		[
			83,
			69,
			83,
			65
		]
	],
	"hex": "4d4f4445534f4d444f4444534d5353454d454f45535345534f",
	"voice_id": "v1",
	"scaled_idx_list": [
		10,
		8,
		4,
		10,
		10,
		12,
		10,
		13,
		4,
		10,
		10,
		13,
		10,
		10,
		8,
		4,
		12,
		12,
		10,
		10,
		8,
		13,
		4,
		10,
		12,
		12,
		10,
		12,
		10
	],
	"mapped_data": [
		227.31247178278863,
		179.60491597652435,
		112.12646484375,
		227.31247178278863,
		227.31247178278863,
		287.69234710009187,
		227.31247178278863,
		323.65389048760335,
		112.12646484375,
		227.31247178278863,
		227.31247178278863,
		323.65389048760335,
		227.31247178278863,
		227.31247178278863,
		179.60491597652435,
		112.12646484375,
		287.69234710009187,
		287.69234710009187,
		227.31247178278863,
		227.31247178278863,
		179.60491597652435,
		323.65389048760335,
		112.12646484375,
		227.31247178278863,
		287.69234710009187,
		287.69234710009187,
		227.31247178278863,
		287.69234710009187,
		227.31247178278863
	],
	"scalar": {
		"min": 0.2,
		"max": 0.6
	},
	"fractal_data": [
		[
			227.31247178278863,
			179.60491597652435,
			112.12646484375,
			227.31247178278863,
			227.31247178278863
		],
		[
			287.69234710009187,
			227.31247178278863,
			323.65389048760335,
			112.12646484375,
			227.31247178278863
		],
		[
			227.31247178278863,
			323.65389048760335,
			227.31247178278863,
			227.31247178278863,
			179.60491597652435
		],
		[
			112.12646484375,
			287.69234710009187,
			287.69234710009187,
			227.31247178278863,
			227.31247178278863
		],
		[
			179.60491597652435,
			323.65389048760335,
			112.12646484375,
			227.31247178278863,
			287.69234710009187
		],
		[
			287.69234710009187,
			227.31247178278863,
			287.69234710009187,
			227.31247178278863
		]
	]
}