{
	"data_type": "rhythm",
	"seed": "MODESOMDODDSMSSEMEOESSESO",
	"pattern_length": 5,
	"raw_idx_list": [
		65,
		52,
		21,
		68,
		69,
		83,
		65,
		84,
		19,
		68,
		65,
		84,
		68,
		69,
		52,
		19,
		83,
		83,
		69,
		65,
		52,
		84,
		21,
		69,
		83,
		83,
		69,
		83,
		65
	],
	"raw_fractal_data": [
		[
			65,
			52,
			21,
			68,
			69
		],
		[
			83,
			65,
			84,
			19,
			68
		],
		[
			65,
			84,
			68,
			69,
			52
		],
		[
			19,
			83,
			83,
			69,
			65
		],
		[
			52,
			84,
			21,
			69,
			83
		],
		[
			83,
			69,
			83,
			65
		]
	],
	"hex": "4d4f4445534f4d444f4444534d5353454d454f45535345534f",
	"voice_id": "v1",
	"scaled_idx_list": [
		15,
		13,
		9,
		15,
		15,
		17,
		15,
		18,
		9,
		15,
		15,
		18,
		15,
		15,
		13,
		9,
		17,
		17,
		15,
		15,
		13,
		18,
		9,
		15,
		17,
		17,
		15,
		17,
		15
	],
	"mapped_data": [
		409.624455148373,
		323.65389048760335,
		202.0555304735899,
		409.624455148373,
		409.624455148373,
		518.4309510471595,
		409.624455148373,
		583.2348199280544,
		202.0555304735899,
		409.624455148373,
		409.624455148373,
		583.2348199280544,
		409.624455148373,
		409.624455148373,
		323.65389048760335,
		202.0555304735899,
		518.4309510471595,
		518.4309510471595,
		409.624455148373,
		409.624455148373,
		323.65389048760335,
		583.2348199280544,
		202.0555304735899,
		409.624455148373,
		518.4309510471595,
		518.4309510471595,
		409.624455148373,
		518.4309510471595,
		409.624455148373
	],
	"scalar": {
		"min": 0.4,
		"max": 0.75
	},
	"fractal_data": [
		[
			409.624455148373,
			323.65389048760335,
			202.0555304735899,
			409.624455148373,
			409.624455148373
		],
		[
			518.4309510471595,
			409.624455148373,
			583.2348199280544,
			202.0555304735899,
			409.624455148373
		],
		[
			409.624455148373,
			583.2348199280544,
			409.624455148373,
			409.624455148373,
			323.65389048760335
		],
		[
			202.0555304735899,
			518.4309510471595,
			518.4309510471595,
			409.624455148373,
			409.624455148373
		],
		[
			323.65389048760335,
			583.2348199280544,
			202.0555304735899,
			409.624455148373,
			518.4309510471595
		],
		[
			518.4309510471595,
			409.624455148373,
			518.4309510471595,
			409.624455148373
		]
	],
	"EOS": 350.0
}