{
	"data_type": "rhythm",
	"seed": "MODESOMDODDSMSSEMEOESSESO",
	"pattern_length": 5,
	"raw_idx_list": [
		65,
		52,
		21,
		68,
		69,
		83,
		65,
		84,
		19,
		68,
		65,
		84,
		68,
		69,
		52,
		19,
		83,
		83,
		69,
		65,
		52,
		84,
		21,
		69,
		83,
		83,
		69,
		83,
		65
	],
	"raw_fractal_data": [
		[
			65,
			52,
			21,
			68,
			69
		],
		[
			83,
			65,
			84,
			19,
			68
		],
		[
			65,
			84,
			68,
			69,
			52
		],
		[
			19,
			83,
			83,
			69,
			65
		],
		[
			52,
			84,
			21,
			69,
			83
		],
		[
			83,
			69,
			83,
			65
		]
	],
	"hex": "4d4f4445534f4d444f4444534d5353454d454f45535345534f",
	"voice_id": "v1",
	"scaled_idx_list": [
		11,
		9,
		4,
		11,
		11,
		13,
		11,
		14,
		4,
		11,
		11,
		14,
		11,
		11,
		9,
		4,
		13,
		13,
		11,
		11,
		9,
		14,
		4,
		11,
		13,
		13,
		11,
		13,
		11
	],
	"mapped_data": [
		255.7265307556372,
		202.0555304735899,
		112.12646484375,
		255.7265307556372,
		255.7265307556372,
		323.65389048760335,
		255.7265307556372,
		364.11062679855377,
		112.12646484375,
		255.7265307556372,
		255.7265307556372,
		364.11062679855377,
		255.7265307556372,
		255.7265307556372,
		202.0555304735899,
		112.12646484375,
		323.65389048760335,
		323.65389048760335,
		255.7265307556372,
		255.7265307556372,
		202.0555304735899,
		364.11062679855377,
		112.12646484375,
		255.7265307556372,
		323.65389048760335,
		323.65389048760335,
		255.7265307556372,
		323.65389048760335,
		255.7265307556372
	],
	"scalar": {
		"min": 0.2,
		"max": 0.6
	},
	"fractal_data": [
		[
			255.7265307556372,
			202.0555304735899,
			112.12646484375,
			255.7265307556372,
			255.7265307556372
		],
		[
			323.65389048760335,
			255.7265307556372,
			364.11062679855377,
			112.12646484375,
			255.7265307556372
		],
		[
			255.7265307556372,
			364.11062679855377,
			255.7265307556372,
			255.7265307556372,
			202.0555304735899
		],
		[
			112.12646484375,
			323.65389048760335,
			323.65389048760335,
			255.7265307556372,
			255.7265307556372
		],
		[
			202.0555304735899,
			364.11062679855377,
			112.12646484375,
			255.7265307556372,
			323.65389048760335
		],
		[
			323.65389048760335,
			255.7265307556372,
			323.65389048760335,
			255.7265307556372
		]
	]
}