{
	"data_type": "pitches",
	"seed": "bdfdqxxhbqgffxaghxhgaadg",
	"pattern_length": 3,
	"raw_idx_list": [
		98,
		100,
		102,
		100,
		113,
		120,
		120,
		104,
		98,
		113,
		103,
		102,
		102,
		120,
		97,
		103,
		104,
		120,
		104,
		103,
		97,
		97,
		100
	],
	"raw_fractal_data": [
		[
			98,
			100,
			102
		],
		[
			100,
			113,
			120
		],
		[
			120,
			104,
			98
		],
		[
			113,
			103,
			102
		],
		[
			102,
			120,
			97
		],
		[
			103,
			104,
			120
		],
		[
			104,
			103,
			97
		],
		[
			97,
			100
		]
	],
	"hex": "626466647178786862716766667861676878686761616467",
	"voice_id": "v1",
	"scaled_idx_list": [
		52,
		58,
		63,
		58,
		93,
		113,
		113,
		69,
		52,
		93,
		66,
		63,
		63,
		113,
		50,
		66,
		69,
		113,
		69,
		66,
		50,
		50,
		58
	],
	"mapped_data": [
		262.50731392244415,
		353.3086443756199,
		452.54833995939043,
		353.3086443756199,
		1998.615506318618,
		5379.873989904483,
		5379.873989904483,
		609.0848979267965,
		262.50731392244415,
		1998.615506318618,
		525.0146278448883,
		452.54833995939043,
		452.54833995939043,
		5379.873989904483,
		237.75908626191176,
		525.0146278448883,
		609.0848979267965,
		5379.873989904483,
		609.0848979267965,
		525.0146278448883,
		237.75908626191176,
		237.75908626191176,
		353.3086443756199
	],
	"scalar": {
		"min": 0.4,
		"max": 0.9
	},
	"fractal_data": [
		[
			262.50731392244415,
			353.3086443756199,
			452.54833995939043
		],
		[
			353.3086443756199,
			1998.615506318618,
			5379.873989904483
		],
		[
			5379.873989904483,
			609.0848979267965,
			262.50731392244415
		],
		[
			1998.615506318618,
			525.0146278448883,
			452.54833995939043
		],
		[
			452.54833995939043,
			5379.873989904483,
			237.75908626191176
		],
		[
			525.0146278448883,
			609.0848979267965,
			5379.873989904483
		],
		[
			609.0848979267965,
			525.0146278448883,
			237.75908626191176
		],
		[
			237.75908626191176,
			353.3086443756199
		]
	],
	"EOS": 1280.0
}