{
	"data_type": "rhythm",
	"seed": "bdfdqxxhbqgffxaghxhgaadg",
	"pattern_length": 3,
	"raw_idx_list": [
		98,
		100,
		102,
		100,
		113,
		120,
		120,
		104,
		98,
		113,
		103,
		102,
		102,
		120,
		97,
		103,
		104,
		120,
		104,
		103,
		97,
		97,
		100
	],
	"raw_fractal_data": [
		[
			98,
			100,
			102
		],
		[
			100,
			113,
			120
		],
		[
			120,
			104,
			98
		],
		[
			113,
			103,
			102
		],
		[
			102,
			120,
			97
		],
		[
			103,
			104,
			120
		],
		[
			104,
			103,
			97
		],
		[
			97,
			100
		]
	],
	"hex": "626466647178786862716766667861676878686761616467",
	"voice_id": "v1",
	"scaled_idx_list": [
		4,
		4,
		5,
		4,
		8,
		10,
		10,
		5,
		4,
		8,
		5,
		5,
		5,
		10,
		4,
		5,
		5,
		10,
		5,
		5,
		4,
		4,
		4
	],
	"mapped_data": [
		61.03515625,
		61.03515625,
		76.2939453125,
		61.03515625,
		149.01161193847656,
		232.83064365386963,
		232.83064365386963,
		76.2939453125,
		61.03515625,
		149.01161193847656,
		76.2939453125,
		76.2939453125,
		76.2939453125,
		232.83064365386963,
		61.03515625,
		76.2939453125,
		76.2939453125,
		232.83064365386963,
		76.2939453125,
		76.2939453125,
		61.03515625,
		61.03515625,
		61.03515625
	],
	"scalar": {
		"min": 0.4,
		"max": 0.9
	},
	"fractal_data": [
		[
			61.03515625,
			61.03515625,
			76.2939453125
		],
		[
			61.03515625,
			149.01161193847656,
			232.83064365386963
		],
		[
			232.83064365386963,
			76.2939453125,
			61.03515625
		],
		[
			149.01161193847656,
			76.2939453125,
			76.2939453125
		],
		[
			76.2939453125,
			232.83064365386963,
			61.03515625
		],
		[
			76.2939453125,
			76.2939453125,
			232.83064365386963
		],
		[
			76.2939453125,
			76.2939453125,
			61.03515625
		],
		[
			61.03515625,
			61.03515625
		]
	],
	"EOS": 25.0
}