{
	"data_type": "pitches",
	"seed": "Repremande6opsRenalip6spoapprrnahm8dreft",
	"pattern_length": 5,
	"raw_idx_list": [
		52,
		65,
		70,
		72,
		65,
		61,
		36,
		16,
		14,
		64,
		65,
		36,
		61,
		57,
		7,
		35,
		26,
		56,
		14,
		61,
		61,
		26,
		97,
		3,
		67,
		37,
		6,
		15,
		61,
		70,
		70,
		72,
		72,
		61,
		46,
		16,
		86,
		13,
		38,
		64,
		72,
		65,
		66
	],
	"raw_fractal_data": [
		[
			52,
			65,
			70,
			72,
			65
		],
		[
			61,
			36,
			16,
			14,
			64
		],
		[
			65,
			36,
			61,
			57,
			7
		],
		[
			35,
			26,
			56,
			14,
			61
		],
		[
			61,
			26,
			97,
			3,
			67
		],
		[
			37,
			6,
			15,
			61,
			70
		],
		[
			70,
			72,
			72,
			61,
			46
		],
		[
			16,
			86,
			13,
			38,
			64
		],
		[
			72,
			65,
			66
		]
	],
	"hex": "52657072656d616e6465366f707352656e616c69703673706f61707072726e61686d386472656674",
	"voice_id": "v1",
	"scaled_idx_list": [
		80,
		90,
		93,
		95,
		90,
		87,
		68,
		53,
		52,
		89,
		90,
		68,
		87,
		84,
		46,
		67,
		61,
		83,
		52,
		87,
		87,
		61,
		114,
		44,
		91,
		69,
		46,
		52,
		87,
		93,
		93,
		95,
		95,
		87,
		76,
		53,
		105,
		51,
		70,
		89,
		95,
		90,
		90
	],
	"mapped_data": [
		855.4734714536955,
		1285.044367143901,
		1451.882915996992,
		1574.9758909625916,
		1285.044367143901,
		1137.3775442452343,
		524.9919636541972,
		285.1578238178985,
		273.7878265473389,
		1233.8062466134795,
		1285.044367143901,
		524.9919636541972,
		1137.3775442452343,
		1006.6793888435899,
		214.48019146145646,
		504.0591443687413,
		394.8703751932988,
		966.5404168517515,
		273.7878265473389,
		1137.3775442452343,
		1137.3775442452343,
		394.8703751932988,
		3412.132632735703,
		197.71739211343188,
		1338.4103298721518,
		546.7940914883283,
		214.48019146145646,
		273.7878265473389,
		1137.3775442452343,
		1451.882915996992,
		1451.882915996992,
		1574.9758909625916,
		1574.9758909625916,
		1137.3775442452343,
		726.9790843753372,
		285.1578238178985,
		2365.840630487013,
		262.8711811652237,
		569.5016289496604,
		1233.8062466134795,
		1574.9758909625916,
		1285.044367143901,
		1285.044367143901
	],
	"scalar": {
		"min": 0.33,
		"max": 0.85
	},
	"fractal_data": [
		[
			855.4734714536955,
			1285.044367143901,
			1451.882915996992,
			1574.9758909625916,
			1285.044367143901
		],
		[
			1137.3775442452343,
			524.9919636541972,
			285.1578238178985,
			273.7878265473389,
			1233.8062466134795
		],
		[
			1285.044367143901,
			524.9919636541972,
			1137.3775442452343,
			1006.6793888435899,
			214.48019146145646
		],
		[
			504.0591443687413,
			394.8703751932988,
			966.5404168517515,
			273.7878265473389,
			1137.3775442452343
		],
		[
			1137.3775442452343,
			394.8703751932988,
			3412.132632735703,
			197.71739211343188,
			1338.4103298721518
		],
		[
			546.7940914883283,
			214.48019146145646,
			273.7878265473389,
			1137.3775442452343,
			1451.882915996992
		],
		[
			1451.882915996992,
			1574.9758909625916,
			1574.9758909625916,
			1137.3775442452343,
			726.9790843753372
		],
		[
			285.1578238178985,
			2365.840630487013,
			262.8711811652237,
			569.5016289496604,
			1233.8062466134795
		],
		[
			1574.9758909625916,
			1285.044367143901,
			1285.044367143901
		]
	],
	"EOS": 120.0
}