{
	"data_type": "duration",
	"seed": "Repremande6opsRenalip6spoapprrnahm8dreft",
	"pattern_length": 5,
	"raw_idx_list": [
		52,
		65,
		70,
		72,
		65,
		61,
		36,
		16,
		14,
		64,
		65,
		36,
		61,
		57,
		7,
		35,
		26,
		56,
		14,
		61,
		61,
		26,
		97,
		3,
		67,
		37,
		6,
		15,
		61,
		70,
		70,
		72,
		72,
		61,
		46,
		16,
		86,
		13,
		38,
		64,
		72,
		65,
		66
	],
	"raw_fractal_data": [
		[
			52,
			65,
			70,
			72,
			65
		],
		[
			61,
			36,
			16,
			14,
			64
		],
		[
			65,
			36,
			61,
			57,
			7
		],
		[
			35,
			26,
			56,
			14,
			61
		],
		[
			61,
			26,
			97,
			3,
			67
		],
		[
			37,
			6,
			15,
			61,
			70
		],
		[
			70,
			72,
			72,
			61,
			46
		],
		[
			16,
			86,
			13,
			38,
			64
		],
		[
			72,
			65,
			66
		]
	],
	"hex": "52657072656d616e6465366f707352656e616c69703673706f61707072726e61686d386472656674",
	"voice_id": "v1",
	"scaled_idx_list": [
		97,
		109,
		113,
		115,
		109,
		105,
		82,
		64,
		62,
		108,
		109,
		82,
		105,
		101,
		56,
		81,
		73,
		100,
		62,
		105,
		105,
		73,
		138,
		53,
		110,
		83,
		55,
		63,
		105,
		113,
		113,
		115,
		115,
		105,
		91,
		64,
		128,
		62,
		84,
		108,
		115,
		109,
		109
	],
	"mapped_data": [
		181.69000000000023,
		202.93000000000035,
		210.0100000000004,
		213.5500000000004,
		202.93000000000035,
		195.8500000000003,
		155.14000000000007,
		123.27999999999992,
		119.73999999999992,
		201.16000000000034,
		202.93000000000035,
		155.14000000000007,
		195.8500000000003,
		188.77000000000027,
		109.11999999999995,
		153.37000000000006,
		139.20999999999998,
		187.00000000000026,
		119.73999999999992,
		195.8500000000003,
		195.8500000000003,
		139.20999999999998,
		254.26000000000064,
		103.80999999999996,
		204.70000000000036,
		156.91000000000008,
		107.34999999999995,
		121.50999999999992,
		195.8500000000003,
		210.0100000000004,
		210.0100000000004,
		213.5500000000004,
		213.5500000000004,
		195.8500000000003,
		171.07000000000016,
		123.27999999999992,
		236.56000000000054,
		119.73999999999992,
		158.6800000000001,
		201.16000000000034,
		213.5500000000004,
		202.93000000000035,
		202.93000000000035
	],
	"scalar": {
		"min": 0.33,
		"max": 0.85
	},
	"fractal_data": [
		[
			181.69000000000023,
			202.93000000000035,
			210.0100000000004,
			213.5500000000004,
			202.93000000000035
		],
		[
			195.8500000000003,
			155.14000000000007,
			123.27999999999992,
			119.73999999999992,
			201.16000000000034
		],
		[
			202.93000000000035,
			155.14000000000007,
			195.8500000000003,
			188.77000000000027,
			109.11999999999995
		],
		[
			153.37000000000006,
			139.20999999999998,
			187.00000000000026,
			119.73999999999992,
			195.8500000000003
		],
		[
			195.8500000000003,
			139.20999999999998,
			254.26000000000064,
			103.80999999999996,
			204.70000000000036
		],
		[
			156.91000000000008,
			107.34999999999995,
			121.50999999999992,
			195.8500000000003,
			210.0100000000004
		],
		[
			210.0100000000004,
			213.5500000000004,
			213.5500000000004,
			195.8500000000003,
			171.07000000000016
		],
		[
			123.27999999999992,
			236.56000000000054,
			119.73999999999992,
			158.6800000000001,
			201.16000000000034
		],
		[
			213.5500000000004,
			202.93000000000035,
			202.93000000000035
		]
	],
	"EOS": 300.0
}