{
	"data_type": "duration",
	"seed": "Repremande6opsRenalip6spoapprrnahm8dreft",
	"pattern_length": 5,
	"raw_idx_list": [
		52,
		65,
		70,
		72,
		65,
		61,
		36,
		16,
		14,
		64,
		65,
		36,
		61,
		57,
		7,
		35,
		26,
		56,
		14,
		61,
		61,
		26,
		97,
		3,
		67,
		37,
		6,
		15,
		61,
		70,
		70,
		72,
		72,
		61,
		46,
		16,
		86,
		13,
		38,
		64,
		72,
		65,
		66
	],
	"raw_fractal_data": [
		[
			52,
			65,
			70,
			72,
			65
		],
		[
			61,
			36,
			16,
			14,
			64
		],
		[
			65,
			36,
			61,
			57,
			7
		],
		[
			35,
			26,
			56,
			14,
			61
		],
		[
			61,
			26,
			97,
			3,
			67
		],
		[
			37,
			6,
			15,
			61,
			70
		],
		[
			70,
			72,
			72,
			61,
			46
		],
		[
			16,
			86,
			13,
			38,
			64
		],
		[
			72,
			65,
			66
		]
	],
	"hex": "52657072656d616e6465366f707352656e616c69703673706f61707072726e61686d386472656674",
	"voice_id": "v2",
	"scaled_idx_list": [
		97,
		109,
		113,
		115,
		109,
		105,
		82,
		64,
		62,
		108,
		109,
		82,
		105,
		101,
		56,
		81,
		73,
		100,
		62,
		105,
		105,
		73,
		138,
		53,
		110,
		83,
		55,
		63,
		105,
		113,
		113,
		115,
		115,
		105,
		91,
		64,
		128,
		62,
		84,
		108,
		115,
		109,
		109
	],
	"mapped_data": [
		363.38000000000045,
		405.8600000000007,
		420.0200000000008,
		427.1000000000008,
		405.8600000000007,
		391.7000000000006,
		310.28000000000014,
		246.55999999999983,
		239.47999999999985,
		402.3200000000007,
		405.8600000000007,
		310.28000000000014,
		391.7000000000006,
		377.54000000000053,
		218.2399999999999,
		306.7400000000001,
		278.41999999999996,
		374.0000000000005,
		239.47999999999985,
		391.7000000000006,
		391.7000000000006,
		278.41999999999996,
		508.5200000000013,
		207.61999999999992,
		409.4000000000007,
		313.82000000000016,
		214.6999999999999,
		243.01999999999984,
		391.7000000000006,
		420.0200000000008,
		420.0200000000008,
		427.1000000000008,
		427.1000000000008,
		391.7000000000006,
		342.1400000000003,
		246.55999999999983,
		473.1200000000011,
		239.47999999999985,
		317.3600000000002,
		402.3200000000007,
		427.1000000000008,
		405.8600000000007,
		405.8600000000007
	],
	"scalar": {
		"min": 0.33,
		"max": 0.85
	},
	"fractal_data": [
		[
			363.38000000000045,
			405.8600000000007,
			420.0200000000008,
			427.1000000000008,
			405.8600000000007
		],
		[
			391.7000000000006,
			310.28000000000014,
			246.55999999999983,
			239.47999999999985,
			402.3200000000007
		],
		[
			405.8600000000007,
			310.28000000000014,
			391.7000000000006,
			377.54000000000053,
			218.2399999999999
		],
		[
			306.7400000000001,
			278.41999999999996,
			374.0000000000005,
			239.47999999999985,
			391.7000000000006
		],
		[
			391.7000000000006,
			278.41999999999996,
			508.5200000000013,
			207.61999999999992,
			409.4000000000007
		],
		[
			313.82000000000016,
			214.6999999999999,
			243.01999999999984,
			391.7000000000006,
			420.0200000000008
		],
		[
			420.0200000000008,
			427.1000000000008,
			427.1000000000008,
			391.7000000000006,
			342.1400000000003
		],
		[
			246.55999999999983,
			473.1200000000011,
			239.47999999999985,
			317.3600000000002,
			402.3200000000007
		],
		[
			427.1000000000008,
			405.8600000000007,
			405.8600000000007
		]
	],
	"EOS": 600.0
}