{
	"data_type": "ratio1",
	"hex": "52657072656d616e6465366f707352656e616c69703673706f61707072726e61686d386472656674",
	"seed": "Repremande6opsRenalip6spoapprrnahm8dreft",
	"pattern_length": 5,
	"raw_idx_list": [
		52,
		65,
		70,
		72,
		65,
		61,
		36,
		16,
		14,
		64,
		65,
		36,
		61,
		57,
		7,
		35,
		26,
		56,
		14,
		61,
		61,
		26,
		97,
		3,
		67,
		37,
		6,
		15,
		61,
		70,
		70,
		72,
		72,
		61,
		46,
		16,
		86,
		13,
		38,
		64,
		72,
		65,
		66
	],
	"raw_fractal_data": [
		[
			52,
			65,
			70,
			72,
			65
		],
		[
			61,
			36,
			16,
			14,
			64
		],
		[
			65,
			36,
			61,
			57,
			7
		],
		[
			35,
			26,
			56,
			14,
			61
		],
		[
			61,
			26,
			97,
			3,
			67
		],
		[
			37,
			6,
			15,
			61,
			70
		],
		[
			70,
			72,
			72,
			61,
			46
		],
		[
			16,
			86,
			13,
			38,
			64
		],
		[
			72,
			65,
			66
		]
	],
	"voice_id": "v1",
	"scaled_idx_list": [
		31,
		34,
		36,
		36,
		34,
		33,
		26,
		20,
		20,
		34,
		34,
		26,
		33,
		32,
		18,
		26,
		23,
		32,
		20,
		33,
		33,
		23,
		44,
		17,
		35,
		26,
		17,
		20,
		33,
		36,
		36,
		36,
		36,
		33,
		29,
		20,
		40,
		19,
		27,
		34,
		36,
		34,
		35
	],
	"mapped_data": [
		1.2777949999999993,
		1.1111299999999993,
		1.0000199999999992,
		1.0000199999999992,
		1.1111299999999993,
		1.1666849999999993,
		1.5555699999999995,
		1.8888999999999996,
		1.8888999999999996,
		1.1111299999999993,
		1.1111299999999993,
		1.5555699999999995,
		1.1666849999999993,
		1.2222399999999993,
		2.0000099999999996,
		1.5555699999999995,
		1.7222349999999995,
		1.2222399999999993,
		1.8888999999999996,
		1.1666849999999993,
		1.1666849999999993,
		1.7222349999999995,
		0.5555799999999991,
		2.0555649999999996,
		1.0555749999999993,
		1.5555699999999995,
		2.0555649999999996,
		1.8888999999999996,
		1.1666849999999993,
		1.0000199999999992,
		1.0000199999999992,
		1.0000199999999992,
		1.0000199999999992,
		1.1666849999999993,
		1.3889049999999994,
		1.8888999999999996,
		0.7777999999999992,
		1.9444549999999996,
		1.5000149999999994,
		1.1111299999999993,
		1.0000199999999992,
		1.1111299999999993,
		1.0555749999999993
	],
	"scalar": {
		"min": 0.33,
		"max": 0.85
	},
	"fractal_data": [
		[
			1.2777949999999993,
			1.1111299999999993,
			1.0000199999999992,
			1.0000199999999992,
			1.1111299999999993
		],
		[
			1.1666849999999993,
			1.5555699999999995,
			1.8888999999999996,
			1.8888999999999996,
			1.1111299999999993
		],
		[
			1.1111299999999993,
			1.5555699999999995,
			1.1666849999999993,
			1.2222399999999993,
			2.0000099999999996
		],
		[
			1.5555699999999995,
			1.7222349999999995,
			1.2222399999999993,
			1.8888999999999996,
			1.1666849999999993
		],
		[
			1.1666849999999993,
			1.7222349999999995,
			0.5555799999999991,
			2.0555649999999996,
			1.0555749999999993
		],
		[
			1.5555699999999995,
			2.0555649999999996,
			1.8888999999999996,
			1.1666849999999993,
			1.0000199999999992
		],
		[
			1.0000199999999992,
			1.0000199999999992,
			1.0000199999999992,
			1.1666849999999993,
			1.3889049999999994
		],
		[
			1.8888999999999996,
			0.7777999999999992,
			1.9444549999999996,
			1.5000149999999994,
			1.1111299999999993
		],
		[
			1.0000199999999992,
			1.1111299999999993,
			1.0555749999999993
		]
	],
	"EOS": 3.333333
}