{
	"data_type": "pitches",
	"hex": "52657072656d616e6465366f707352656e616c69703673706f61707072726e61686d386472656674",
	"seed": "Repremande6opsRenalip6spoapprrnahm8dreft",
	"pattern_length": 5,
	"raw_idx_list": [
		52,
		65,
		70,
		72,
		65,
		61,
		36,
		16,
		14,
		64,
		65,
		36,
		61,
		57,
		7,
		35,
		26,
		56,
		14,
		61,
		61,
		26,
		97,
		3,
		67,
		37,
		6,
		15,
		61,
		70,
		70,
		72,
		72,
		61,
		46,
		16,
		86,
		13,
		38,
		64,
		72,
		65,
		66
	],
	"raw_fractal_data": [
		[
			52,
			65,
			70,
			72,
			65
		],
		[
			61,
			36,
			16,
			14,
			64
		],
		[
			65,
			36,
			61,
			57,
			7
		],
		[
			35,
			26,
			56,
			14,
			61
		],
		[
			61,
			26,
			97,
			3,
			67
		],
		[
			37,
			6,
			15,
			61,
			70
		],
		[
			70,
			72,
			72,
			61,
			46
		],
		[
			16,
			86,
			13,
			38,
			64
		],
		[
			72,
			65,
			66
		]
	],
	"voice_id": "v2",
	"scaled_idx_list": [
		96,
		108,
		112,
		114,
		108,
		104,
		82,
		64,
		62,
		107,
		108,
		82,
		104,
		101,
		56,
		81,
		73,
		100,
		62,
		104,
		104,
		73,
		137,
		53,
		110,
		83,
		55,
		63,
		104,
		112,
		112,
		114,
		114,
		104,
		91,
		64,
		127,
		61,
		84,
		107,
		114,
		108,
		109
	],
	"mapped_data": [
		994.1710754333241,
		1620.0,
		1906.3368582960054,
		2067.9591713549717,
		1620.0,
		1376.6716981729246,
		562.4253890449748,
		270.38592522669734,
		249.2537871946423,
		1555.4063117339917,
		1620.0,
		562.4253890449748,
		1376.6716981729246,
		1218.4758093449527,
		195.2606902730811,
		540.0,
		389.96398447537536,
		1169.891953426126,
		249.2537871946423,
		1376.6716981729246,
		1376.6716981729246,
		389.96398447537536,
		5272.03863737319,
		172.8229235259991,
		1757.34621245773,
		585.7820708192434,
		187.4751296816583,
		259.6049226553335,
		1376.6716981729246,
		1906.3368582960054,
		1906.3368582960054,
		2067.9591713549717,
		2067.9591713549717,
		1376.6716981729246,
		811.1577756800921,
		270.38592522669734,
		3509.675860278378,
		239.31537890502958,
		610.1087205112666,
		1555.4063117339917,
		2067.9591713549717,
		1620.0,
		1687.2761671349247
	],
	"scalar": {
		"min": 0.33,
		"max": 0.85
	},
	"fractal_data": [
		[
			994.1710754333241,
			1620.0,
			1906.3368582960054,
			2067.9591713549717,
			1620.0
		],
		[
			1376.6716981729246,
			562.4253890449748,
			270.38592522669734,
			249.2537871946423,
			1555.4063117339917
		],
		[
			1620.0,
			562.4253890449748,
			1376.6716981729246,
			1218.4758093449527,
			195.2606902730811
		],
		[
			540.0,
			389.96398447537536,
			1169.891953426126,
			249.2537871946423,
			1376.6716981729246
		],
		[
			1376.6716981729246,
			389.96398447537536,
			5272.03863737319,
			172.8229235259991,
			1757.34621245773
		],
		[
			585.7820708192434,
			187.4751296816583,
			259.6049226553335,
			1376.6716981729246,
			1906.3368582960054
		],
		[
			1906.3368582960054,
			2067.9591713549717,
			2067.9591713549717,
			1376.6716981729246,
			811.1577756800921
		],
		[
			270.38592522669734,
			3509.675860278378,
			239.31537890502958,
			610.1087205112666,
			1555.4063117339917
		],
		[
			2067.9591713549717,
			1620.0,
			1687.2761671349247
		]
	],
	"EOS": 60.0
}