{
	"data_type": "ratio1",
	"hex": "52657072656d616e6465366f707352656e616c69703673706f61707072726e61686d386472656674",
	"seed": "Repremande6opsRenalip6spoapprrnahm8dreft",
	"pattern_length": 5,
	"raw_idx_list": [
		52,
		65,
		70,
		72,
		65,
		61,
		36,
		16,
		14,
		64,
		65,
		36,
		61,
		57,
		7,
		35,
		26,
		56,
		14,
		61,
		61,
		26,
		97,
		3,
		67,
		37,
		6,
		15,
		61,
		70,
		70,
		72,
		72,
		61,
		46,
		16,
		86,
		13,
		38,
		64,
		72,
		65,
		66
	],
	"raw_fractal_data": [
		[
			52,
			65,
			70,
			72,
			65
		],
		[
			61,
			36,
			16,
			14,
			64
		],
		[
			65,
			36,
			61,
			57,
			7
		],
		[
			35,
			26,
			56,
			14,
			61
		],
		[
			61,
			26,
			97,
			3,
			67
		],
		[
			37,
			6,
			15,
			61,
			70
		],
		[
			70,
			72,
			72,
			61,
			46
		],
		[
			16,
			86,
			13,
			38,
			64
		],
		[
			72,
			65,
			66
		]
	],
	"voice_id": "v2",
	"scaled_idx_list": [
		31,
		34,
		36,
		36,
		34,
		33,
		26,
		20,
		20,
		34,
		34,
		26,
		33,
		32,
		18,
		26,
		23,
		32,
		20,
		33,
		33,
		23,
		44,
		17,
		35,
		26,
		17,
		20,
		33,
		36,
		36,
		36,
		36,
		33,
		29,
		20,
		40,
		19,
		27,
		34,
		36,
		34,
		35
	],
	"mapped_data": [
		1.8333160000000006,
		1.9999810000000007,
		2.1110910000000005,
		2.1110910000000005,
		1.9999810000000007,
		1.9444260000000007,
		1.5555410000000005,
		1.2222110000000004,
		1.2222110000000004,
		1.9999810000000007,
		1.9999810000000007,
		1.5555410000000005,
		1.9444260000000007,
		1.8888710000000006,
		1.1111010000000003,
		1.5555410000000005,
		1.3888760000000004,
		1.8888710000000006,
		1.2222110000000004,
		1.9444260000000007,
		1.9444260000000007,
		1.3888760000000004,
		2.5555310000000007,
		1.0555460000000003,
		2.0555360000000005,
		1.5555410000000005,
		1.0555460000000003,
		1.2222110000000004,
		1.9444260000000007,
		2.1110910000000005,
		2.1110910000000005,
		2.1110910000000005,
		2.1110910000000005,
		1.9444260000000007,
		1.7222060000000006,
		1.2222110000000004,
		2.3333110000000006,
		1.1666560000000004,
		1.6110960000000005,
		1.9999810000000007,
		2.1110910000000005,
		1.9999810000000007,
		2.0555360000000005
	],
	"scalar": {
		"min": 0.33,
		"max": 0.85
	},
	"fractal_data": [
		[
			1.8333160000000006,
			1.9999810000000007,
			2.1110910000000005,
			2.1110910000000005,
			1.9999810000000007
		],
		[
			1.9444260000000007,
			1.5555410000000005,
			1.2222110000000004,
			1.2222110000000004,
			1.9999810000000007
		],
		[
			1.9999810000000007,
			1.5555410000000005,
			1.9444260000000007,
			1.8888710000000006,
			1.1111010000000003
		],
		[
			1.5555410000000005,
			1.3888760000000004,
			1.8888710000000006,
			1.2222110000000004,
			1.9444260000000007
		],
		[
			1.9444260000000007,
			1.3888760000000004,
			2.5555310000000007,
			1.0555460000000003,
			2.0555360000000005
		],
		[
			1.5555410000000005,
			1.0555460000000003,
			1.2222110000000004,
			1.9444260000000007,
			2.1110910000000005
		],
		[
			2.1110910000000005,
			2.1110910000000005,
			2.1110910000000005,
			1.9444260000000007,
			1.7222060000000006
		],
		[
			1.2222110000000004,
			2.3333110000000006,
			1.1666560000000004,
			1.6110960000000005,
			1.9999810000000007
		],
		[
			2.1110910000000005,
			1.9999810000000007,
			2.0555360000000005
		]
	],
	"EOS": 3.333333
}